-- --------------------------------------------------------
-- Host:                         127.0.0.1
-- Server version:               10.4.16-MariaDB - mariadb.org binary distribution
-- Server OS:                    Win64
-- HeidiSQL Version:             11.2.0.6213
-- --------------------------------------------------------

/*!40101 SET @OLD_CHARACTER_SET_CLIENT=@@CHARACTER_SET_CLIENT */;
/*!40101 SET NAMES utf8 */;
/*!50503 SET NAMES utf8mb4 */;
/*!40014 SET @OLD_FOREIGN_KEY_CHECKS=@@FOREIGN_KEY_CHECKS, FOREIGN_KEY_CHECKS=0 */;
/*!40101 SET @OLD_SQL_MODE=@@SQL_MODE, SQL_MODE='NO_AUTO_VALUE_ON_ZERO' */;
/*!40111 SET @OLD_SQL_NOTES=@@SQL_NOTES, SQL_NOTES=0 */;


-- Dumping database structure for bitmedia
DROP DATABASE IF EXISTS `bitmedia`;
CREATE DATABASE IF NOT EXISTS `bitmedia` /*!40100 DEFAULT CHARACTER SET utf8mb4 */;
USE `bitmedia`;

-- Dumping structure for table bitmedia.categories
DROP TABLE IF EXISTS `categories`;
CREATE TABLE IF NOT EXISTS `categories` (
  `id` bigint(20) unsigned NOT NULL AUTO_INCREMENT,
  `name` varchar(255) COLLATE utf8mb4_unicode_ci NOT NULL,
  `created_at` timestamp NULL DEFAULT NULL,
  `updated_at` timestamp NULL DEFAULT NULL,
  PRIMARY KEY (`id`)
) ENGINE=InnoDB AUTO_INCREMENT=4 DEFAULT CHARSET=utf8mb4 COLLATE=utf8mb4_unicode_ci;

-- Dumping data for table bitmedia.categories: ~3 rows (approximately)
/*!40000 ALTER TABLE `categories` DISABLE KEYS */;
INSERT INTO `categories` (`id`, `name`, `created_at`, `updated_at`) VALUES
	(1, 'nostrum', '2021-04-30 00:29:03', '2021-04-30 00:29:03'),
	(2, 'enim', '2021-04-30 00:29:03', '2021-04-30 00:29:03'),
	(3, 'nulla', '2021-04-30 00:29:03', '2021-04-30 00:29:03');
/*!40000 ALTER TABLE `categories` ENABLE KEYS */;

-- Dumping structure for table bitmedia.clients
DROP TABLE IF EXISTS `clients`;
CREATE TABLE IF NOT EXISTS `clients` (
  `id` bigint(20) unsigned NOT NULL AUTO_INCREMENT,
  `category_id` bigint(20) unsigned NOT NULL,
  `name` varchar(255) COLLATE utf8mb4_unicode_ci NOT NULL,
  `email` varchar(255) COLLATE utf8mb4_unicode_ci NOT NULL,
  `slug` varchar(255) COLLATE utf8mb4_unicode_ci NOT NULL,
  `image` varchar(255) COLLATE utf8mb4_unicode_ci NOT NULL,
  `active` tinyint(1) NOT NULL DEFAULT 1,
  `created_at` timestamp NULL DEFAULT NULL,
  `updated_at` timestamp NULL DEFAULT NULL,
  PRIMARY KEY (`id`),
  KEY `clients_category_id_foreign` (`category_id`),
  CONSTRAINT `clients_category_id_foreign` FOREIGN KEY (`category_id`) REFERENCES `categories` (`id`)
) ENGINE=InnoDB AUTO_INCREMENT=11 DEFAULT CHARSET=utf8mb4 COLLATE=utf8mb4_unicode_ci;

-- Dumping data for table bitmedia.clients: ~10 rows (approximately)
/*!40000 ALTER TABLE `clients` DISABLE KEYS */;
INSERT INTO `clients` (`id`, `category_id`, `name`, `email`, `slug`, `image`, `active`, `created_at`, `updated_at`) VALUES
	(1, 3, 'panda', 'dwolff@gmail.com', 'panda', 'https://via.placeholder.com/1280x720.png/0011aa?text=eligendi', 0, '2021-04-30 00:29:03', '2021-04-30 00:29:03'),
	(2, 2, 'pil andina', 'erica38@gleichner.com', 'pil-andina', 'https://via.placeholder.com/1280x720.png/00cc11?text=excepturi', 1, '2021-04-30 00:29:03', '2021-04-30 00:29:03'),
	(3, 1, 'coca cola', 'matilde32@gmail.com', 'coca-cola-company', 'https://via.placeholder.com/1280x720.png/0033dd?text=excepturi', 1, '2021-04-30 00:29:03', '2021-04-30 00:29:03'),
	(4, 2, 'delizia', 'jlindgren@west.com', 'delizia-sa', 'https://via.placeholder.com/1280x720.png/004455?text=accusamus', 0, '2021-04-30 00:29:03', '2021-04-30 00:29:03'),
	(5, 3, 'paceña', 'pacena@gmail.com', 'deserunt-nulla-odio-voluptatum', 'https://via.placeholder.com/1280x720.png/0022ee?text=mollitia', 1, '2021-04-30 00:29:03', '2021-04-30 00:29:03'),
	(6, 1, 'universidad tecnologia boliviana', 'info@utb.com', 'universidad-tecnologica-boliviana', 'https://via.placeholder.com/1280x720.png/00ddaa?text=doloremque', 0, '2021-04-30 00:29:03', '2021-04-30 00:29:03'),
	(7, 1, 'kriss', 'bailey.genesis@hotmail.com', 'kriss', 'https://via.placeholder.com/1280x720.png/0033ff?text=harum', 1, '2021-04-30 00:29:03', '2021-04-30 00:29:03'),
	(8, 2, 'hipermaxi', 'eaufderhar@bartoletti.org', 'hipermaxi', 'https://via.placeholder.com/1280x720.png/001133?text=eveniet', 1, '2021-04-30 00:29:03', '2021-04-30 00:29:03'),
	(9, 2, 'ketal', 'skulas@luettgen.net', 'ketal', 'https://via.placeholder.com/1280x720.png/0044aa?text=dicta', 0, '2021-04-30 00:29:03', '2021-04-30 00:29:03'),
	(10, 3, 'fidalga', 'esmeralda.funk@grady.com', 'fidalga', 'https://via.placeholder.com/1280x720.png/007733?text=nisi', 0, '2021-04-30 00:29:03', '2021-04-30 00:29:03');
/*!40000 ALTER TABLE `clients` ENABLE KEYS */;

-- Dumping structure for table bitmedia.commercials
DROP TABLE IF EXISTS `commercials`;
CREATE TABLE IF NOT EXISTS `commercials` (
  `id` bigint(20) unsigned NOT NULL AUTO_INCREMENT,
  `client_id` bigint(20) unsigned NOT NULL,
  `name` varchar(255) COLLATE utf8mb4_unicode_ci NOT NULL,
  `slug` varchar(255) COLLATE utf8mb4_unicode_ci NOT NULL,
  `image` varchar(255) COLLATE utf8mb4_unicode_ci NOT NULL,
  `lat` varchar(255) COLLATE utf8mb4_unicode_ci NOT NULL,
  `lng` varchar(255) COLLATE utf8mb4_unicode_ci NOT NULL,
  `active` tinyint(1) NOT NULL DEFAULT 1,
  `description` text COLLATE utf8mb4_unicode_ci NOT NULL,
  `created_at` timestamp NULL DEFAULT NULL,
  `updated_at` timestamp NULL DEFAULT NULL,
  `title` varchar(300) COLLATE utf8mb4_unicode_ci NOT NULL,
  `address` varchar(300) COLLATE utf8mb4_unicode_ci NOT NULL,
  `tags` varchar(300) COLLATE utf8mb4_unicode_ci NOT NULL,
  `icon` varchar(255) COLLATE utf8mb4_unicode_ci NOT NULL,
  PRIMARY KEY (`id`),
  KEY `commercials_client_id_foreign` (`client_id`),
  CONSTRAINT `commercials_client_id_foreign` FOREIGN KEY (`client_id`) REFERENCES `clients` (`id`)
) ENGINE=InnoDB AUTO_INCREMENT=91 DEFAULT CHARSET=utf8mb4 COLLATE=utf8mb4_unicode_ci;

-- Dumping data for table bitmedia.commercials: ~90 rows (approximately)
/*!40000 ALTER TABLE `commercials` DISABLE KEYS */;
INSERT INTO `commercials` (`id`, `client_id`, `name`, `slug`, `image`, `lat`, `lng`, `active`, `description`, `created_at`, `updated_at`, `title`, `address`, `tags`, `icon`) VALUES
	(1, 7, 'Voluptatem similique id velit nihil.', 'laudantium-distinctio-distinctio-aut-voluptas', 'https://via.placeholder.com/1280x720.png/00ee77?text=corporis', '43.987861', '99.082931', 0, 'Corrupti voluptatem aut voluptates commodi aperiam necessitatibus. Sint repellendus consequatur nihil ea vel eaque soluta est. In magni qui assumenda et. Molestiae non cupiditate officiis quos nostrum possimus eveniet. Quia consectetur praesentium impedit possimus id voluptas impedit. Nobis ut esse sunt nostrum eius. Itaque voluptatem assumenda nam a culpa. Reprehenderit aut tempore adipisci eos voluptatibus. Itaque sunt similique nulla deleniti ut sint reprehenderit. Dolores repellat quisquam dolores vel. Velit et rerum est est cum tempora libero. Blanditiis impedit corrupti placeat eligendi. Aut quia ea quia repellat sit cumque. Id hic quia quia adipisci voluptatem soluta blanditiis unde. Aut aliquid iste corporis magni sunt.', '2021-04-30 00:29:03', '2021-04-30 00:29:03', '', '', '', ''),
	(2, 10, 'Doloribus quod nesciunt voluptas adipisci fugiat in.', 'quidem-distinctio-atque-nemo-eveniet-necessitatibus-eos-magni', 'https://via.placeholder.com/1280x720.png/0000ee?text=dolorem', '-19.976671', '-7.897393', 0, 'Et incidunt consequatur eum et impedit. Provident natus voluptas exercitationem soluta eligendi. Nesciunt neque dolor ut. Vitae iste voluptatem sit. Recusandae et quia ut quos eum. Aliquam doloremque omnis eum non cupiditate voluptatem. Quasi doloribus eligendi quod ipsam. Et libero consequuntur itaque sit est sapiente non et. In est est nihil tenetur quas earum rerum. Iure voluptatum unde ut. Ducimus vel blanditiis sed repellat nihil dolor et. Nam aut accusamus expedita doloremque incidunt sed. Deserunt doloremque dolor ab alias. Ad itaque est accusantium alias aperiam inventore. Nihil laborum qui nisi. Modi qui quo consequatur officia omnis nesciunt. Nihil commodi ut iste autem quam dolor. Nisi voluptate debitis totam dolor illo officiis. Cum ut et in.', '2021-04-30 00:29:03', '2021-04-30 00:29:03', '', '', '', ''),
	(3, 1, 'Quo voluptatem eum corrupti rerum pariatur et.', 'dicta-voluptas-et-debitis-qui-sit-rerum-dolores', 'https://via.placeholder.com/1280x720.png/006655?text=et', '-16.4968082', '-68.1291852', 0, 'Et exercitationem vero neque voluptas voluptatem aperiam. Quidem fugiat est dolorem corrupti laboriosam quibusdam voluptas vel. Odit id sit architecto nemo. Dicta ut voluptas non harum. Sed impedit saepe sint incidunt et. Nemo quisquam qui hic consectetur adipisci aut voluptates eum. Recusandae est dolor dolorem cupiditate. Nam consequatur distinctio repellendus qui enim sint dolorem. Accusamus excepturi sit aut nisi iusto. Est omnis autem laboriosam vel nostrum sit omnis. Tempora ut saepe velit et a. Deserunt iure debitis aliquam nam fuga. Eos modi exercitationem consequatur ea rem ut sunt. Sequi ullam beatae et est. Pariatur ad aliquid est ipsa inventore. Minima quibusdam et officia sed nihil doloribus. Quia officiis commodi quibusdam excepturi provident ut laboriosam.', '2021-04-30 00:29:03', '2021-04-30 00:29:03', 'Mercado Yungas', 'Calle Yungas, La Paz', 'commercials_01', ''),
	(4, 2, 'Dolores aut amet quia distinctio explicabo.', 'dolorem-dolor-molestias-et-est-error-eius-labore', 'https://via.placeholder.com/1280x720.png/00ee77?text=in', '-66.324729', '20.983882', 1, 'Eos ab qui eveniet error veniam. Asperiores perferendis commodi ex voluptas odit nemo tempora odit. Et culpa adipisci ex neque ad facilis voluptatum ut. Sint molestiae harum aspernatur beatae officia quia in. Voluptates amet dolorem qui sed soluta eius nihil omnis. Vero asperiores veritatis ad sed sunt. Cupiditate praesentium ut assumenda quas quia et voluptatem ut. Nisi a tempore eum iusto animi voluptate dolores. Nesciunt autem aut et quia nihil enim. Excepturi repellendus accusantium et libero quasi dolorum. Accusamus voluptates laboriosam qui quas hic. Enim et eius nam.', '2021-04-30 00:29:03', '2021-04-30 00:29:03', '', '', '', ''),
	(5, 10, 'Soluta aut voluptatem eum quia eum ipsa.', 'reprehenderit-qui-modi-veniam-culpa-qui-autem', 'https://via.placeholder.com/1280x720.png/004455?text=sed', '-4.442176', '-68.263155', 1, 'Autem saepe id excepturi quia ad quia. Tenetur perferendis dicta quibusdam maiores dolor earum eaque. Natus ipsa et velit aliquid dolorum. Doloremque at eum perferendis. Culpa distinctio autem nisi non quasi. Enim officia quisquam vero voluptatem facilis accusantium odit. Molestias ratione adipisci cumque cum voluptas neque voluptatem. Doloremque quis optio laudantium et omnis tempora delectus animi. Nostrum dolor doloribus rerum eos in accusamus. Eveniet qui voluptatibus molestias voluptates. Hic dolores consequuntur dolores sapiente necessitatibus repellat cupiditate. Est aliquam fugit in dignissimos dicta possimus. Repudiandae cumque rerum amet. Beatae quis dicta aut illum. Libero aut ipsum quia.', '2021-04-30 00:29:03', '2021-04-30 00:29:03', '', '', '', ''),
	(6, 3, 'Nobis enim commodi fugit est aut nesciunt.', 'suscipit-fugiat-sit-dolor', 'https://via.placeholder.com/1280x720.png/0000aa?text=qui', '-18.416886', '16.495826', 0, 'Eligendi et velit molestias distinctio perferendis autem ipsa. Exercitationem quidem quibusdam doloremque rem. Aliquid ipsa atque tempora eaque sapiente nobis et. Non officiis aut ut nam sapiente dolores. Voluptatem blanditiis officia veritatis qui error sapiente omnis. Doloremque incidunt corporis nemo modi. Asperiores laborum explicabo sapiente nihil. Modi excepturi omnis iusto quo ad occaecati sit. Doloremque rerum fugiat quidem rem. In vel voluptates deserunt optio possimus laboriosam harum. Repellat totam nulla nostrum error. Saepe ducimus totam id dignissimos eaque nemo incidunt et. Doloremque est ut aliquam. Sunt iusto aspernatur id sunt eum ad nostrum.', '2021-04-30 00:29:03', '2021-04-30 00:29:03', '', '', '', ''),
	(7, 8, 'Iure vel voluptates rerum.', 'sed-laudantium-quia-nostrum-voluptas-aliquam-et', 'https://via.placeholder.com/1280x720.png/00ddcc?text=asperiores', '64.648247', '-94.719899', 0, 'Enim est mollitia consectetur enim. Fugit vitae in eaque esse qui cupiditate a. Expedita nostrum et accusantium harum repellendus. Deserunt voluptas consequuntur voluptatum assumenda qui odio. Voluptatem ducimus et voluptas voluptatem. Occaecati sed qui consequatur perspiciatis maxime temporibus enim. Magni enim expedita doloribus enim. Sed aliquam totam aliquam sit ex necessitatibus. Dicta consequatur porro minus. Sapiente autem debitis unde dolores est velit molestias. Ut illum repudiandae quae repudiandae porro ut. Quidem quod qui qui. Et dolorem fuga repudiandae omnis modi earum sed nisi. Id dolor ea sunt fugiat molestias. Similique porro eius libero hic accusamus. Et quidem inventore voluptate et quia explicabo.', '2021-04-30 00:29:03', '2021-04-30 00:29:03', '', '', '', ''),
	(8, 6, 'Maxime qui aut animi.', 'dolorem-neque-atque-est-exercitationem-qui-veniam', 'https://via.placeholder.com/1280x720.png/0099ee?text=eius', '6.088892', '-95.46696', 1, 'In expedita adipisci ut et. Magnam quos aut ullam atque. Tempore maiores consectetur ut sunt dolor. Illum occaecati cupiditate nostrum aspernatur dolores officiis. Magnam quibusdam assumenda est inventore. Rerum aliquid eveniet nesciunt dolorem et tempore inventore fuga. Soluta impedit incidunt quia autem dicta molestiae. Excepturi deleniti nulla quasi qui ut sint. Quos suscipit laudantium optio voluptatem at perspiciatis asperiores. Et molestiae hic quia ipsum quasi autem aut. Consequatur rerum consequuntur cumque dicta quos et debitis. Esse aut sed reprehenderit minima ut. Est quia assumenda sint est praesentium. Rerum et dicta molestiae nihil et numquam. Inventore aut pariatur explicabo repellat labore fuga nulla sunt.', '2021-04-30 00:29:03', '2021-04-30 00:29:03', '', '', '', ''),
	(9, 3, 'Cum distinctio rerum eaque ullam voluptatem qui.', 'doloribus-quas-qui-corporis-est-id', 'https://via.placeholder.com/1280x720.png/00aa22?text=earum', '-25.085625', '-14.022219', 1, 'Et distinctio voluptatem et cum labore qui ducimus. Consequuntur sunt debitis vel eveniet voluptatem. Voluptas sed non sunt ea dolore aut. Sequi itaque sequi eius quis nemo. Velit sunt quis quia id. Debitis quidem id facilis sed ipsam sit et. Consequatur qui similique ea molestiae. Ipsam error vel facere impedit voluptatem molestiae voluptates. Debitis aut eos est enim velit. Ipsam dolor sequi in expedita ipsam deleniti. Pariatur eligendi eum officia numquam. Consequatur voluptatem earum doloremque et ut. Corporis recusandae quae maxime molestiae sint. Natus voluptatem et quam enim deleniti dolores. Nesciunt blanditiis quos autem et cumque. Sed deserunt est consequatur voluptatem aliquid quisquam. Perspiciatis debitis quod qui iure laborum dicta. Inventore qui nihil enim qui.', '2021-04-30 00:29:03', '2021-04-30 00:29:03', '', '', '', ''),
	(10, 6, 'Et quos est qui eos et consequatur perspiciatis.', 'amet-totam-necessitatibus-recusandae-labore', 'https://via.placeholder.com/1280x720.png/009944?text=aspernatur', '-61.753787', '31.927851', 0, 'Et accusantium autem quis consequatur libero iusto. Recusandae laboriosam nisi rerum labore omnis voluptas recusandae. Dolorum nemo illum architecto sit. Impedit repellat voluptatem officiis non optio. Aut incidunt ut ea et qui. Non voluptatum delectus nam enim quis. Architecto numquam rerum optio magni autem mollitia. Earum dolores aut suscipit voluptas enim omnis. Repudiandae sequi necessitatibus et quaerat. Reiciendis mollitia velit qui. Asperiores quas sed quia consectetur voluptas perspiciatis in. Similique est tenetur et in dicta tenetur ea numquam. Nostrum nemo non ad qui perspiciatis unde quo et. Et in voluptatem qui rerum sequi. Voluptate quia possimus aperiam hic. Asperiores vel eos labore fuga ex tenetur quisquam.', '2021-04-30 00:29:03', '2021-04-30 00:29:03', '', '', '', ''),
	(11, 5, 'Reiciendis iure aut consequatur rem deleniti.', 'praesentium-eaque-error-ullam-amet', 'https://via.placeholder.com/1280x720.png/007700?text=aut', '-80.578119', '-27.574709', 1, 'Expedita blanditiis quis eum maiores voluptatem. Accusantium sunt qui repudiandae nam. Eum ut quasi aut molestiae dolorum. Quas eligendi rem velit itaque ab velit. In voluptatem ipsam ea. Iure molestias molestiae quisquam corporis perferendis ipsum voluptas ipsum. Fugiat est delectus dolorem aut est occaecati. Rerum et nihil explicabo ipsam. Repellendus ab quos odio quia. Nulla illum aut quia nam quaerat. Ut rerum expedita beatae ut omnis sed ab. Et sed illo dolorum. Hic fugit aut non doloribus. Deserunt natus aut quis a quod. Pariatur placeat nihil natus laborum et voluptatem pariatur. Molestiae sit omnis qui saepe sequi nam repellat possimus. Molestiae enim corporis praesentium et possimus. Laborum vero dolorum facere consectetur ullam ullam aspernatur.', '2021-04-30 00:29:03', '2021-04-30 00:29:03', '', '', '', ''),
	(12, 8, 'Dolor vero quis quaerat.', 'voluptates-non-dolor-quis-dolores-itaque-in', 'https://via.placeholder.com/1280x720.png/0011cc?text=impedit', '86.761081', '-88.661657', 0, 'Vel blanditiis dolorum molestiae et quisquam vel. Tempore asperiores repellat nesciunt qui. Aut saepe delectus nihil fugiat deleniti. Nam quaerat iusto voluptas quidem provident. Quaerat consequuntur occaecati aut quis beatae repellendus quidem. Quia ut non occaecati error molestiae iste iste quia. Vitae dolor magni praesentium maiores incidunt est. Eos sed iure aut nam neque quisquam non. Maiores quis qui voluptatem vel itaque. Pariatur hic iure modi sed vel. Veniam sapiente ut dolorem ducimus. Quis consequatur aut veritatis consequatur temporibus nisi vero. Odit aliquid vero ipsam est eum iste tempora.', '2021-04-30 00:29:03', '2021-04-30 00:29:03', '', '', '', ''),
	(13, 3, 'Odit architecto maxime amet nihil et illum.', 'recusandae-velit-numquam-voluptatum-exercitationem', 'https://via.placeholder.com/1280x720.png/00ccdd?text=distinctio', '-11.56879', '-53.010523', 0, 'Eos commodi quia est. Voluptas inventore eum itaque blanditiis. Aut quia culpa corrupti rerum. Est sapiente itaque incidunt magnam nemo ipsum blanditiis. Beatae laudantium inventore libero. Ratione voluptas adipisci dignissimos dignissimos. Sunt sequi ex rerum veritatis molestias assumenda. Et quisquam quia autem eum quasi. Rerum saepe delectus et officiis. Ratione eveniet aut quaerat ullam asperiores. Alias deleniti laboriosam alias excepturi facere. Qui aperiam iusto fugiat eaque perferendis dolores. Magni perferendis fugit amet quos porro est at. Numquam nostrum laudantium distinctio. Quos quod dolores distinctio consectetur id. Autem dicta maxime sunt excepturi laboriosam. Et perferendis facere id voluptas. Sunt fuga ut iusto. Nisi aperiam qui fugiat et qui fugiat.', '2021-04-30 00:29:03', '2021-04-30 00:29:03', '', '', '', ''),
	(14, 4, 'Omnis et incidunt perferendis explicabo rerum voluptates quasi sint.', 'ipsam-veritatis-dolor-odit-neque-quo-optio-qui', 'https://via.placeholder.com/1280x720.png/006688?text=at', '-45.489469', '-49.949506', 1, 'Id dolor rerum ratione accusantium aspernatur consequatur provident consequatur. Dolore eius soluta sed aliquam nisi sit cumque dicta. Dolor consequatur tempore odio labore dignissimos blanditiis voluptas minima. Placeat nam ipsa et nihil dolor. Culpa qui perferendis aliquid aliquam aut eveniet. Ea ex aliquid temporibus laudantium error illum aut molestiae. Et sunt cupiditate nihil eligendi amet consequatur. Qui illo velit et ut aperiam alias. Et qui fugit id laborum sit repellat. Sed itaque cum facere eaque itaque sit. Quos non dignissimos dolor qui fugiat quia et aut. Soluta quo autem omnis a quo et. In non fugiat voluptatum et quis impedit. Optio quasi tempore autem tenetur. Earum nihil eveniet similique iste laborum quia.', '2021-04-30 00:29:03', '2021-04-30 00:29:03', '', '', '', ''),
	(15, 1, 'Expedita voluptas repellendus facilis dicta voluptas.', 'cupiditate-ut-amet-eos-eos', 'https://via.placeholder.com/1280x720.png/00bb11?text=saepe', '44.598412', '32.923786', 1, 'Accusamus maxime temporibus ea corrupti officiis totam voluptatem dolor. Delectus eaque similique repudiandae sed iure. Ut saepe distinctio odit voluptatem et quia nihil sunt. Et laboriosam aut repellat corrupti nisi. Expedita ut error et. Distinctio quis sequi ipsa nulla enim labore. Et sit quia distinctio. Dolor animi dignissimos vel commodi. Rerum et architecto fugiat debitis. Asperiores odio magni sunt consequatur itaque voluptatem. Quidem ut quasi reiciendis dolor saepe. Voluptatem aliquid ea id ad aut recusandae. Ducimus repellat eum et voluptas id et. Est ea natus quia qui quis. Ducimus nulla necessitatibus ipsa eum in dolorem.', '2021-04-30 00:29:03', '2021-04-30 00:29:03', '', '', '', ''),
	(16, 1, 'Ut eos ratione ut enim omnis.', 'omnis-atque-hic-dolorem-voluptatibus-cum-autem-cum', 'https://via.placeholder.com/1280x720.png/0066cc?text=a', '82.641666', '-38.487146', 0, 'Officiis voluptas enim consectetur est maxime animi. Alias temporibus et quisquam non quaerat aut. Eius necessitatibus aliquid aut blanditiis. Vel accusamus non ut quia mollitia accusantium excepturi. Pariatur eos reiciendis magni molestias soluta est quia. Aperiam distinctio rerum aut temporibus consequatur et. Est vitae ipsa dolor modi voluptatem et corporis quisquam. Aperiam et officiis harum sunt perspiciatis. Quam eum minus nam eos ut ut ab. Praesentium nesciunt quod consectetur debitis laborum assumenda. Dolores alias qui assumenda maxime totam. Omnis provident sed ipsum laudantium facilis maxime molestiae. Esse ducimus et est quia autem.', '2021-04-30 00:29:03', '2021-04-30 00:29:03', '', '', '', ''),
	(17, 10, 'Ratione nam quidem corporis.', 'temporibus-dolor-sed-qui-officia-corrupti-et', 'https://via.placeholder.com/1280x720.png/005566?text=et', '16.344796', '129.926547', 1, 'Autem cum quibusdam quos hic et. Officiis reiciendis eos harum ut qui. Dolorum aut rerum sed tempora. Voluptatibus dolor id sint facere. Sed et fugiat maiores earum earum non in. Aliquid porro enim sint sunt odio aut cum. Et odit vel beatae deserunt et. Placeat odio quae quis dolor natus incidunt. Veritatis labore non consequatur sed reprehenderit nobis assumenda. Et repellendus tempore omnis blanditiis. Aut deserunt eaque quis sed distinctio quod. Sint eos facere quibusdam quibusdam eaque recusandae ut. Iusto culpa voluptas dolorem. Mollitia adipisci est repellendus dolorem nihil. Nulla est est ex. Magni ullam rerum qui distinctio repellat vitae. Quia consectetur sapiente aliquam et.', '2021-04-30 00:29:03', '2021-04-30 00:29:03', '', '', '', ''),
	(18, 6, 'Dolorem est nobis voluptatem nulla.', 'qui-officiis-et-cumque-quo-odio-commodi-impedit', 'https://via.placeholder.com/1280x720.png/00ff66?text=dolorem', '-10.253955', '8.868609', 0, 'Consequuntur quia et itaque. Temporibus distinctio veniam accusantium laboriosam a explicabo. Perspiciatis perferendis ex repellendus ea ex consequuntur quia. Numquam modi voluptatem voluptatibus in. Itaque expedita ipsa omnis molestiae quam veritatis dolorum et. Qui non sunt adipisci et quas. Nobis ex non aperiam. Ducimus soluta architecto at. Reprehenderit veritatis voluptas ratione quia. Saepe consequatur doloremque ut impedit sed eveniet. Hic reprehenderit labore temporibus quaerat deserunt. Atque quasi et alias consequatur. Quas eligendi necessitatibus deleniti sit sunt praesentium placeat deleniti. Vel illum quis debitis numquam molestias odit beatae ipsam. Veritatis ut aliquid quia et sit corporis.', '2021-04-30 00:29:03', '2021-04-30 00:29:03', '', '', '', ''),
	(19, 9, 'Non cumque quis ipsam rerum quia rerum.', 'itaque-molestiae-voluptatem-at-adipisci-consectetur-libero', 'https://via.placeholder.com/1280x720.png/00bb22?text=iste', '-30.024109', '13.770506', 0, 'Assumenda mollitia eum rerum rerum sapiente dolor ad. Fugit amet et distinctio in mollitia et. Voluptatum molestiae qui numquam ullam ea et doloribus veritatis. Voluptatem enim aperiam vel quis minima aut. Nihil corrupti ipsum itaque illum sapiente. Reprehenderit corrupti cupiditate explicabo non ut sed. Natus quod quam exercitationem. Exercitationem neque quam nesciunt maiores. Saepe quod impedit neque nemo sint optio. Recusandae voluptatem nemo alias sint aut odio unde. Fugiat reprehenderit perspiciatis id sapiente. Facilis dicta fuga unde consequatur. Voluptatem deleniti sunt reprehenderit rerum. Assumenda sint quod voluptatem quo.', '2021-04-30 00:29:03', '2021-04-30 00:29:03', '', '', '', ''),
	(20, 5, 'Aut repellat voluptate nobis corrupti nesciunt id laudantium fuga.', 'voluptatem-ut-veniam-nemo', 'https://via.placeholder.com/1280x720.png/0077ff?text=tempore', '-46.193968', '71.589502', 1, 'Quia dolore vitae enim veritatis dicta sed aut ut. Fugit ea aut dolores nihil quam. Est voluptatem quis maiores necessitatibus tenetur. Maxime nihil similique non. Maxime autem magnam laudantium nam. Cumque accusantium aliquid eum sunt animi et aliquid. Sit in unde odit sunt. Amet repellendus a blanditiis consequuntur atque nemo officia ex. Praesentium accusantium porro dolore tenetur rem architecto incidunt. Aliquid et quod accusantium et. Ea consequuntur alias sed perferendis nihil. Non sed hic et aut. Optio itaque voluptatem aliquid qui quia. Qui odit repellat tempora quisquam et eos voluptatem. Ea molestias dignissimos tenetur doloremque ipsam odit. Eligendi quis nobis quo molestiae. Qui iure reprehenderit quam nobis dicta modi rerum sed.', '2021-04-30 00:29:03', '2021-04-30 00:29:03', '', '', '', ''),
	(21, 5, 'In qui optio rerum et consequatur.', 'accusamus-consequatur-nihil-nulla-placeat-velit-aut-velit-dolores', 'https://via.placeholder.com/1280x720.png/00bbaa?text=ullam', '-87.805882', '-50.368128', 0, 'Soluta similique dignissimos numquam aut sit natus. Laudantium facere eius accusantium illum vel omnis omnis. Ut est reiciendis dolore sunt fuga aut hic ut. Id dolorem ab rerum dolor nostrum ea. Animi est consectetur distinctio exercitationem optio quasi totam. Earum voluptatibus omnis nisi est nulla. Dolorem ex placeat omnis mollitia aut voluptatem culpa consequatur. Et rerum recusandae quia neque fugit qui maiores corrupti. Nihil ea vel sequi nisi perferendis quo. Quia distinctio quo hic dolorem dolorem reprehenderit. Ut sed et ab fugiat. Cumque voluptatem corrupti ad quasi. Et omnis fugit id sunt. Numquam sunt nam maxime dicta autem expedita. Quo magni reiciendis sint quod dolor rerum est. Est consequuntur est quo deleniti iure quibusdam dolorem. Fuga molestiae at sint rerum maxime.', '2021-04-30 00:29:03', '2021-04-30 00:29:03', '', '', '', ''),
	(22, 7, 'Iste magnam unde iure qui eveniet aut laboriosam quis.', 'quis-sapiente-deserunt-ut', 'https://via.placeholder.com/1280x720.png/0099ee?text=vitae', '-48.278505', '31.795135', 0, 'Perferendis odit repudiandae pariatur ut. Expedita aut molestias quia a ab ut in. Nihil explicabo in excepturi est. Commodi nisi et debitis autem pariatur. Corrupti cumque blanditiis ea. Quasi fuga cum ut animi laboriosam et voluptas. Quibusdam sint tenetur nostrum. Corrupti consequatur placeat voluptates repellendus amet delectus aut at. Velit dolorem consequuntur earum pariatur earum non aut. Amet odio consequatur molestiae explicabo sed. Iure aspernatur et est nihil nobis ut. Et adipisci eos ut quia sint quia iure voluptatem. Alias et laudantium facere et hic qui eum. Sunt libero nihil consequatur sit. Ab dolores et quibusdam perferendis. Ipsa nihil reprehenderit perferendis temporibus et.', '2021-04-30 00:29:03', '2021-04-30 00:29:03', '', '', '', ''),
	(23, 3, 'Reiciendis ut maiores in aut quaerat itaque.', 'velit-incidunt-et-labore-dolor-non-non-rerum', 'https://via.placeholder.com/1280x720.png/0011dd?text=sit', '-68.723521', '160.086797', 0, 'Blanditiis sed corporis illo provident laudantium. Blanditiis mollitia possimus quos impedit laudantium. Autem id recusandae enim inventore dolorum praesentium voluptates. Distinctio numquam corporis deserunt et et. Voluptatem magnam vitae id quam animi ut. Quaerat laborum blanditiis ab fugit sed quia. Dignissimos et ut fuga aut neque ut et. Omnis non magnam possimus eos perspiciatis. Et sequi vero vitae molestiae. Aut aut eius ex adipisci neque dolor ut. Labore nihil occaecati laudantium in sit. Impedit ut sed ad qui autem et aut. Molestiae voluptatibus voluptate et eveniet in ipsam. Accusantium ut debitis non excepturi laboriosam labore.', '2021-04-30 00:29:03', '2021-04-30 00:29:03', '', '', '', ''),
	(24, 4, 'Iste corporis quae ad et consequatur dicta numquam.', 'autem-perferendis-sunt-et-et-consequatur', 'https://via.placeholder.com/1280x720.png/0077bb?text=rerum', '13.373734', '157.178482', 1, 'Porro nostrum quia expedita ab explicabo. Velit et dicta ut recusandae. Quia voluptatem id velit aut exercitationem. Repellat quam optio quia voluptatibus. Rem totam sunt voluptatem dolorum omnis eligendi voluptatem. Dicta qui nobis aut. Id et consequuntur dolor expedita assumenda beatae. Nobis id aliquid fugiat est quo voluptatum. Incidunt quibusdam dolores illo quisquam. Sit quaerat dolorum dolore culpa veritatis. Ullam et explicabo molestiae eligendi. Temporibus at expedita rerum et sed. Qui possimus aperiam vel ut delectus est. Nihil similique similique quia id. Ad eos sint perferendis suscipit. Nostrum facere laudantium id. Vel ipsam iste et perspiciatis ea atque est.', '2021-04-30 00:29:03', '2021-04-30 00:29:03', '', '', '', ''),
	(25, 9, 'Eaque eligendi totam nam.', 'inventore-quod-eveniet-repellendus-eos-sunt-earum-rerum', 'https://via.placeholder.com/1280x720.png/00bbff?text=et', '45.177255', '2.030829', 0, 'Consequatur illo aperiam doloribus minus. Et aliquam aut ea qui nostrum rerum. Sed est doloribus dicta expedita sapiente iusto eum et. Vel quas earum delectus. A repudiandae perferendis placeat a alias quae. Dicta ipsam non et nulla aliquid quia. Minima minus totam saepe nemo nam deleniti non. Velit vel deserunt non omnis. Voluptatem modi accusantium voluptate velit. Quaerat quasi esse temporibus voluptas veritatis facere et eius. Autem sequi a voluptas magnam vel fugit. Rerum necessitatibus non vel excepturi sunt ut cum. Quia qui tempora quo. Qui quaerat quibusdam asperiores possimus enim numquam explicabo. Ut consequatur et deserunt voluptatibus. Non totam sunt sit qui et reprehenderit aspernatur ut. Id doloremque occaecati repudiandae iste illo.', '2021-04-30 00:29:03', '2021-04-30 00:29:03', '', '', '', ''),
	(26, 2, 'Animi nobis earum mollitia tempora iure.', 'facilis-id-distinctio-molestiae-molestias-quo', 'https://via.placeholder.com/1280x720.png/005588?text=rerum', '-70.703523', '-103.709056', 1, 'Animi quis omnis voluptates. Praesentium totam accusantium molestiae voluptas blanditiis. Laudantium sed illo quas voluptates neque et placeat. Excepturi quae ipsam provident quia dicta soluta. Ea enim exercitationem qui. Iusto aut quos molestias placeat sunt at voluptates. Porro et velit ut vitae consequuntur. Debitis voluptas eum voluptas delectus sint. Voluptatem sapiente magnam suscipit cum sunt molestiae. Quod quo consequatur repudiandae molestiae. Aut doloremque excepturi recusandae dolorem. Eaque dolor molestiae impedit. Quo exercitationem distinctio beatae repellendus deserunt. Amet officiis sapiente qui iusto. Magni qui voluptatibus nesciunt ex velit. Molestias voluptatem omnis voluptas temporibus fugit ut.', '2021-04-30 00:29:03', '2021-04-30 00:29:03', '', '', '', ''),
	(27, 10, 'Nesciunt sit adipisci sed.', 'excepturi-natus-molestiae-vel-quisquam', 'https://via.placeholder.com/1280x720.png/001188?text=veniam', '22.130791', '64.688095', 0, 'Eos quo voluptatibus perspiciatis et at in. Dolore vel voluptatem repellat vel. Accusantium hic eos omnis sit corporis. Velit inventore doloribus voluptas quaerat deserunt ipsa corrupti. Ad tempore ex est sapiente. Et error voluptas ut. Nostrum eum iure occaecati numquam est repellat. Sit repellendus ut rerum omnis hic minus. Atque repudiandae voluptatibus expedita consequatur ratione perspiciatis fuga. Odit ut exercitationem et et. Unde mollitia cupiditate ducimus est rerum possimus est. Quis qui quia dolores possimus. Voluptatem et debitis deserunt at sit. Eos voluptatum vel quidem reiciendis. Cupiditate maxime iste itaque pariatur. A et quaerat non molestiae omnis ipsa facere perspiciatis. Molestiae voluptate voluptate nesciunt consequatur quis voluptas et eligendi.', '2021-04-30 00:29:03', '2021-04-30 00:29:03', '', '', '', ''),
	(28, 3, 'Sint quos itaque quia impedit.', 'enim-dicta-in-porro-explicabo-porro-nostrum-et', 'https://via.placeholder.com/1280x720.png/009922?text=error', '43.71509', '73.782309', 0, 'Animi officia sed quisquam accusamus maiores suscipit. Ea ratione neque doloribus ab harum modi numquam exercitationem. Ratione rerum labore quasi eum modi quis. Quis animi aut rerum cum nemo similique a exercitationem. Praesentium earum explicabo possimus architecto pariatur. Eligendi quasi suscipit est repellendus. Incidunt nostrum eaque deserunt. Voluptatem quam qui nesciunt praesentium vero tenetur adipisci. Cum voluptas inventore omnis est. Nisi necessitatibus esse velit. Omnis sit unde ipsum rerum id non consequatur. Incidunt quo repudiandae velit a eos dignissimos. Quibusdam consequatur voluptatem deserunt ad aut ut.', '2021-04-30 00:29:03', '2021-04-30 00:29:03', '', '', '', ''),
	(29, 2, 'Ad cumque officia sed.', 'quisquam-repellat-sint-asperiores-velit', 'https://via.placeholder.com/1280x720.png/0099bb?text=exercitationem', '-20.111581', '-28.753713', 1, 'Sint modi expedita blanditiis alias iure. Totam repellat quaerat molestias minima veritatis. Sit distinctio animi deleniti magnam qui. Explicabo corporis ut autem nobis et. Doloribus neque ut beatae inventore hic non. Explicabo facilis corrupti nobis reiciendis. Dolorem totam minima quia quaerat velit. Cumque ratione iste dolor dolor voluptas porro. Aut quam qui et est qui perspiciatis qui. Ut nihil cupiditate voluptas et laboriosam ut ex enim. Alias sed voluptatem et recusandae. Repellendus mollitia officia maiores ut. Explicabo iure quia molestiae omnis nobis reiciendis. Voluptas voluptas esse maxime possimus. Quod excepturi iure suscipit aspernatur.', '2021-04-30 00:29:03', '2021-04-30 00:29:03', '', '', '', ''),
	(30, 4, 'Ipsa dolor nemo voluptatem dolor.', 'dolorum-delectus-tempora-quidem-excepturi-est-nobis', 'https://via.placeholder.com/1280x720.png/004444?text=architecto', '-79.514633', '70.819031', 1, 'Voluptatibus rerum qui ab neque quia. Fugit ea et velit et vel deleniti. Quas ut officia est autem est. Ut quibusdam rerum omnis. Ut minus et quia temporibus aliquid modi ratione. Quo numquam aut culpa quo. Necessitatibus sed aliquam esse doloremque autem. Quia iusto accusamus praesentium doloremque ab quibusdam ut. Ratione tenetur quas corporis quos reprehenderit doloremque. Minima perferendis soluta cupiditate ipsa. Delectus deleniti architecto tempore magnam qui ut ipsam. Voluptate quod voluptatem necessitatibus similique sunt. Molestias sequi aut praesentium odio natus fugit id. Error aut dolorum et consectetur aspernatur explicabo quo.', '2021-04-30 00:29:03', '2021-04-30 00:29:03', '', '', '', ''),
	(31, 1, 'Aut ab sed tempora necessitatibus.', 'odit-corrupti-consequatur-adipisci-qui-qui-dolorem-veniam', 'https://via.placeholder.com/1280x720.png/008855?text=sed', '53.622991', '-20.267967', 0, 'Reiciendis est vel rem ut suscipit. Incidunt adipisci repellendus aut perspiciatis. Quia voluptas recusandae quasi labore. Porro libero occaecati eum ipsa quia. Nesciunt autem voluptate voluptatem tempore voluptas. Assumenda ad sapiente sequi inventore enim autem nobis. Minus enim iste et harum soluta. Esse et tempore expedita laboriosam adipisci. Delectus sit repudiandae eaque quos sint est quia. Veniam perspiciatis odit porro consequatur. Officia harum incidunt natus. Est magnam tempora laboriosam. Labore quo omnis voluptatem in sunt quia. Minus nihil corporis amet blanditiis voluptate ut. Et ex enim sapiente.', '2021-04-30 00:29:03', '2021-04-30 00:29:03', '', '', '', ''),
	(32, 7, 'Nihil odio consequatur quas quia vero sit rerum.', 'et-laborum-et-voluptatem-incidunt-fugit-distinctio-libero', 'https://via.placeholder.com/1280x720.png/001155?text=impedit', '-77.718119', '-136.130162', 1, 'Est dolorum hic sapiente exercitationem quasi quia officiis. Illum voluptatibus voluptas eaque quis praesentium. Ducimus eos nesciunt et ducimus voluptatem aliquam dolore. Ut quod iure consequatur accusantium sit. Hic vel quia earum ut ut cupiditate. Nihil sunt odit incidunt sequi totam quidem cupiditate. Delectus officiis dolorem dignissimos expedita. Perferendis labore molestias eaque. Ab velit esse et perferendis. Nisi dicta quis non nostrum maiores nobis minus cum. Doloribus eum maiores consequatur autem ut numquam sed. Est culpa est eos dolore suscipit quia voluptatem. Quis enim ut est dicta qui. Incidunt dolorum neque possimus aspernatur consequatur omnis numquam. Ea quo perspiciatis molestiae hic laboriosam facilis. Eos occaecati qui sit doloremque sint non ut.', '2021-04-30 00:29:03', '2021-04-30 00:29:03', '', '', '', ''),
	(33, 6, 'Est suscipit nesciunt aut pariatur.', 'enim-est-illum-aut-eligendi', 'https://via.placeholder.com/1280x720.png/00ee00?text=minus', '-65.002255', '-98.920993', 0, 'Officia iure est est rerum voluptatem. Voluptatem eos in sequi possimus accusamus. Voluptatem consequatur aperiam repellendus. Et molestiae omnis voluptatum illum aliquid. Nihil perferendis maiores similique modi enim enim. Eum temporibus ipsa asperiores animi recusandae. Et fuga et qui sed asperiores similique aliquid incidunt. Est aut quis atque placeat. Officiis numquam illum autem itaque enim. Minima ut quasi qui ipsum delectus ipsa. Voluptatibus sit iure distinctio eaque. Nostrum amet enim in. Quis sint quibusdam sit nihil saepe et. Saepe est et ut deleniti nam nesciunt. Facere eaque quod velit aut quidem. Aut iusto nostrum eos explicabo vel totam praesentium molestias. Accusantium est sed soluta. Hic dignissimos expedita eos tenetur quasi.', '2021-04-30 00:29:03', '2021-04-30 00:29:03', '', '', '', ''),
	(34, 10, 'Autem ducimus provident expedita et aperiam.', 'eum-unde-accusamus-porro-rerum-impedit-modi-sunt', 'https://via.placeholder.com/1280x720.png/004488?text=doloribus', '4.576906', '168.823503', 1, 'Id excepturi vel natus officia et temporibus. Accusamus ipsum perferendis perferendis autem eveniet et laboriosam. Enim assumenda saepe sit quia libero. Tenetur dolorem qui culpa ipsa qui qui fuga temporibus. Libero tempore illo ea. Quo maxime corporis quia voluptatem. Dolorem dolore maiores ut est tempora esse qui. Perspiciatis ut temporibus blanditiis quo ducimus et doloremque. Ducimus est mollitia asperiores eligendi at. Inventore nam minus natus commodi alias laudantium amet. Rerum vel cupiditate consequatur aut. Est quo laboriosam et enim et ipsa est. Nesciunt qui dolores ullam officiis. Repellendus sunt et et veritatis. Ad maxime sed rem. Velit ut mollitia qui dolorum rerum veritatis.', '2021-04-30 00:29:03', '2021-04-30 00:29:03', '', '', '', ''),
	(35, 4, 'Nulla autem est iusto est pariatur incidunt.', 'quo-iusto-et-commodi-illo-illo', 'https://via.placeholder.com/1280x720.png/00bb22?text=enim', '15.923033', '149.962374', 1, 'Dolorem voluptas quo et hic. Dolorem quis consequatur officia dolorem rerum quas. Facere hic suscipit numquam porro. Aut nulla facilis amet quasi eligendi. Iste sed eius autem provident. Consectetur unde et dolore. Perferendis voluptatum quis eaque non laudantium odio. Illo voluptate sint ullam sed nisi omnis ex. Maxime omnis nostrum quidem non. Impedit suscipit officiis harum. Dolor est est eius fuga. Ut modi illum mollitia quis qui reprehenderit nihil. Qui recusandae officiis sapiente laudantium iste possimus. Voluptas qui quia ex dignissimos sed facere. Fugit quo exercitationem vel sed facilis hic expedita nihil. Illum enim quasi nemo inventore. Laudantium aut consequatur optio labore.', '2021-04-30 00:29:03', '2021-04-30 00:29:03', '', '', '', ''),
	(36, 9, 'Aut id aliquid quis dignissimos.', 'sunt-porro-harum-qui-cupiditate', 'https://via.placeholder.com/1280x720.png/0011dd?text=temporibus', '-54.985379', '-124.165568', 0, 'Reprehenderit omnis natus itaque suscipit hic. Ut magni velit sunt velit consequatur rerum quia iusto. Quia tempore modi temporibus quam. Et omnis sequi voluptatum beatae incidunt odit. Nemo ut quaerat omnis asperiores et ut consequatur. Quo non et atque sunt et corporis. In necessitatibus perferendis dolore provident aut. Eaque modi quaerat optio modi eligendi molestias. Dolores odit et molestiae et voluptas. Quia rerum temporibus debitis voluptas libero accusantium ducimus. Ullam rerum quos minima quibusdam asperiores id corporis. Minus animi quisquam quis assumenda in. Aliquid vitae quaerat est repudiandae iste nostrum beatae. Voluptate ut veniam facilis et. Quod ut est amet ad.', '2021-04-30 00:29:03', '2021-04-30 00:29:03', '', '', '', ''),
	(37, 2, 'Eum omnis qui optio deserunt minima voluptatibus beatae.', 'voluptatem-vero-accusamus-vitae-commodi-aut', 'https://via.placeholder.com/1280x720.png/003344?text=dolorem', '28.630292', '-73.463302', 0, 'Dolorem dolore ipsa ipsam blanditiis aperiam. Ut dolorem delectus sit vitae ipsa. Nemo optio recusandae rerum in aut. Quia quis deleniti dolore assumenda. Libero facere incidunt a tempore quas neque voluptate et. Qui et omnis est odit. Voluptates illo dolor molestiae. Iure quo nobis est ad voluptate recusandae. Aut ea sit soluta et. Ea quisquam qui aperiam iste voluptatem dolore. Ut nihil quam ut consectetur. Et ex et blanditiis qui dicta culpa omnis. Porro vero nostrum sed voluptatem eligendi voluptate. Odit nemo aliquid at ducimus est est incidunt quis. Eos nobis reiciendis nihil modi magni. Rerum et dolore tenetur qui recusandae et. Ut eaque sed earum commodi soluta et.', '2021-04-30 00:29:03', '2021-04-30 00:29:03', '', '', '', ''),
	(38, 1, 'Et et et occaecati rerum consectetur dolorem dolore molestiae.', 'placeat-nihil-rerum-dicta-aliquid-reiciendis-perspiciatis', 'https://via.placeholder.com/1280x720.png/003355?text=quo', '-54.300638', '-70.697519', 1, 'Tempora ut consequatur accusamus ut sit. Maxime ea ipsa maiores sunt nostrum atque quis. Et voluptatibus id voluptas. Repellendus enim expedita enim quibusdam soluta animi enim. In et ipsam omnis enim voluptatem expedita. Non eum omnis rerum rem consectetur iste et. Amet et consequatur illo vel quod. Velit est doloremque rerum aut. Et est placeat dolore rerum praesentium quisquam eveniet. Voluptas consequatur harum modi neque error repudiandae. Animi rem tenetur aperiam non consequatur possimus occaecati. Deleniti molestiae et maiores dolores id minus cupiditate. Sunt earum dolor quisquam dolores velit. Blanditiis voluptatem eius pariatur reprehenderit earum.', '2021-04-30 00:29:03', '2021-04-30 00:29:03', '', '', '', ''),
	(39, 8, 'Amet tempora quo aut cupiditate distinctio nihil.', 'eveniet-suscipit-nobis-nobis-possimus-accusantium-deleniti', 'https://via.placeholder.com/1280x720.png/002244?text=iusto', '-88.167415', '-175.343322', 1, 'Sunt in deserunt autem id ut velit. Ut dolorum omnis nulla voluptatem voluptates et placeat aut. Est et minima omnis dignissimos. Ut inventore aut saepe est. Et omnis qui qui eaque libero. Nihil deleniti corrupti eligendi omnis qui voluptatem. Laborum nisi vero ut. Corporis eligendi accusamus consectetur quasi. Aspernatur sapiente laborum molestias officia ut voluptatibus. Et qui consectetur aspernatur possimus repellendus quisquam assumenda. Eos omnis et beatae sint eos. Fuga qui asperiores occaecati soluta maiores et. Illo sed qui similique rerum dolorum architecto. Modi hic incidunt voluptatibus voluptate eveniet quia ipsum atque. Deserunt dolor voluptate suscipit numquam omnis. Sit rerum earum nostrum minus dolore. Ea aut et quasi optio porro corrupti cumque enim.', '2021-04-30 00:29:03', '2021-04-30 00:29:03', '', '', '', ''),
	(40, 3, 'Labore eaque et debitis exercitationem optio repellendus.', 'quidem-et-quam-odio-id-assumenda-et', 'https://via.placeholder.com/1280x720.png/00bb99?text=ex', '75.523072', '-8.844997', 0, 'Nemo nostrum qui ut blanditiis excepturi fugit. Aliquid tenetur reprehenderit ut aut explicabo. Nisi voluptas sint culpa maxime. Consequatur autem cum iure aspernatur et eos voluptatem distinctio. Ratione aliquid sed non et reiciendis perferendis. Quo consequuntur qui enim. Provident impedit voluptas non laudantium laboriosam quas nihil. Ut vel sit quo minus. Itaque illo optio dolor et sapiente dignissimos quae. Facere sit sunt ut quis voluptas quam. Ut quisquam consequatur eligendi sint aut consequatur. Minima quia adipisci reiciendis totam quos modi. Possimus accusantium enim et. Et rerum consectetur dolorem qui. Et veniam quasi ea sit reiciendis accusamus qui. Et ea quod numquam. Rerum omnis id illo sint aut et rerum. Aut qui dolore sit sit et. Nihil sed a unde maxime est sint.', '2021-04-30 00:29:03', '2021-04-30 00:29:03', '', '', '', ''),
	(41, 2, 'Odio adipisci fugit ut.', 'aut-maiores-assumenda-excepturi-cumque-id', 'https://via.placeholder.com/1280x720.png/007788?text=sint', '-27.01317', '-110.442178', 0, 'Debitis quas quis ut et ut laborum. Aut voluptatem eos hic est maiores. Quidem ducimus et labore consequatur consequatur repellat. Totam rerum fugiat eos exercitationem. Inventore incidunt est assumenda dignissimos quibusdam iure ad. Omnis temporibus suscipit molestias incidunt. Ducimus molestiae et itaque impedit eius facere. Cum quo voluptatem perferendis dolores. Aut quas ipsum facere. Esse vel et enim. Voluptates tenetur labore quisquam magni et. Ipsam fugit voluptatem voluptatem provident. Nesciunt reiciendis at aut eius accusantium id. Harum quod aut eos natus. Sequi amet eum rerum fugit iusto. Pariatur vitae vitae velit nostrum. Non ea molestiae deserunt dolorem quia. Ut eveniet possimus dolorum et totam. In enim id possimus eius est.', '2021-04-30 00:29:03', '2021-04-30 00:29:03', '', '', '', ''),
	(42, 9, 'Voluptate ut commodi rerum dolorem.', 'et-voluptas-qui-amet-doloribus-vel-recusandae-architecto', 'https://via.placeholder.com/1280x720.png/0055aa?text=cum', '-35.681138', '-124.513013', 0, 'Suscipit vel ipsam est voluptate rerum voluptatem et explicabo. Nemo iusto beatae sed minus quod. Molestiae et facilis et ex omnis et. Aut accusamus accusantium qui sequi. Soluta atque dicta harum deleniti. Voluptatem dicta sunt aut quis officia sit. Dolores amet architecto nihil. Reiciendis libero sed molestiae quia. Sed et totam at id vitae et nisi. Rerum consequatur quia voluptatem voluptas alias animi. Voluptatem explicabo numquam quis beatae saepe. Fugiat praesentium optio doloribus minima aliquid. Debitis rem id quibusdam quod vel. Cumque qui molestiae officiis et. Eos ex necessitatibus esse voluptas aut recusandae. Et ea quibusdam in quas mollitia in. Commodi quasi ut praesentium debitis dolorum eos. Voluptatibus consequatur nostrum totam voluptas a ut.', '2021-04-30 00:29:03', '2021-04-30 00:29:03', '', '', '', ''),
	(43, 6, 'Maxime et et omnis consequuntur.', 'perspiciatis-ut-sit-quidem-veniam-eum-quaerat', 'https://via.placeholder.com/1280x720.png/008833?text=omnis', '-43.787057', '22.136266', 0, 'Sunt sed ut iure et dolore sit. Sed quisquam et sunt molestiae molestiae. Accusantium qui officia velit inventore possimus. Eos quia aut omnis. Quaerat asperiores mollitia est aliquam non. Ab aut aut et. Quia perferendis sit id assumenda molestiae. Est excepturi beatae est autem omnis totam porro laborum. Occaecati itaque impedit ipsam. Esse ut in aut eaque harum. Eligendi placeat est blanditiis facere aliquam doloremque quaerat. Corporis adipisci unde aliquid voluptas consequatur repellendus expedita. Ducimus ut repellat facere. At enim quae voluptas rerum expedita aut laborum. Rerum porro eius cum magni blanditiis incidunt.', '2021-04-30 00:29:03', '2021-04-30 00:29:03', '', '', '', ''),
	(44, 3, 'Velit et animi voluptatem consequuntur nobis sit et amet.', 'dolorum-quis-aut-in-delectus', 'https://via.placeholder.com/1280x720.png/004499?text=sapiente', '-84.96509', '160.173749', 1, 'Dignissimos autem sed adipisci quia accusantium quidem. Atque deserunt architecto dolorem esse illo tenetur quisquam. Rerum et autem repellat. Ratione unde quas ut. Voluptatem sunt placeat consequuntur vero amet. Dicta maxime debitis ipsam aut ut. Quis ratione repellat ea est quis. Blanditiis dicta ducimus ad dolorem maiores accusamus quasi placeat. Qui rerum placeat est quo non sit. Voluptatem sapiente ipsum incidunt possimus sint. Sed qui et nemo quaerat sunt et repellat. Blanditiis ipsa eos ut. Quasi quasi magnam excepturi. Doloremque cumque in est in consequatur ea. Laboriosam esse provident maiores animi quam. Quia iste consectetur rerum tenetur sunt quia. Inventore expedita odio molestiae voluptas molestiae voluptas aliquid.', '2021-04-30 00:29:03', '2021-04-30 00:29:03', '', '', '', ''),
	(45, 3, 'Incidunt voluptas ab occaecati porro enim recusandae.', 'in-animi-asperiores-eius-et-recusandae-ut-est-dolore', 'https://via.placeholder.com/1280x720.png/009966?text=veniam', '-14.351833', '3.335829', 1, 'Velit ut reiciendis quam quam saepe in. Cumque corporis enim repellendus ab suscipit. Vitae quibusdam et et vero quidem veniam. Nisi omnis non qui. Quaerat similique maiores rerum pariatur laborum itaque eligendi. Perspiciatis facere voluptatibus commodi omnis et quod sint. Molestiae vero harum aliquid blanditiis et excepturi consequatur. Eum minus et et sit vitae suscipit nesciunt. Illum atque accusamus sapiente saepe. Labore laborum aliquam perferendis fugit laborum consectetur maxime. Possimus aliquam temporibus in eos qui. Esse aut aliquam libero amet porro fugiat a unde. Eos dolores aut aut accusamus eligendi laboriosam. Earum nisi laudantium maxime possimus. Pariatur ad reprehenderit recusandae adipisci rem quibusdam voluptatem. Dignissimos qui unde et.', '2021-04-30 00:29:03', '2021-04-30 00:29:03', '', '', '', ''),
	(46, 6, 'Optio ex molestiae ducimus.', 'excepturi-quo-hic-et-numquam-repudiandae-quaerat', 'https://via.placeholder.com/1280x720.png/008866?text=quam', '-80.144906', '8.68472', 1, 'Rem necessitatibus voluptatibus rerum accusamus assumenda itaque libero sed. Vero non libero quam ducimus nostrum ipsam dolor. Dolorum quia magnam ut. Modi at laudantium facere et sed. Quis quo minima in impedit quos. Consectetur recusandae modi hic. Qui vitae voluptatem aut et nihil. Architecto quaerat enim perspiciatis ea. Assumenda iure ex assumenda. Sunt non sed blanditiis. Beatae voluptatem ad rerum iste ut quia. Aliquam ad unde recusandae aliquam molestias nam. Corporis et laborum repudiandae laudantium. Laborum reprehenderit omnis vel blanditiis dolores. Nam omnis aut non et veniam possimus saepe. Itaque labore deleniti nihil exercitationem voluptatem provident. Omnis dolorem aut velit doloribus.', '2021-04-30 00:29:03', '2021-04-30 00:29:03', '', '', '', ''),
	(47, 2, 'Id nemo animi corporis veritatis.', 'ex-autem-harum-et-saepe-qui-illum-nihil', 'https://via.placeholder.com/1280x720.png/003366?text=autem', '54.619209', '-113.075349', 1, 'Ut hic officia aut libero consectetur. Optio sunt dolor veniam aliquid sed. Enim et adipisci ad est numquam odit mollitia. Et sequi dolorum aut explicabo. Totam eveniet id quas blanditiis. Consequuntur dolores mollitia repellat voluptate harum sapiente. Occaecati unde dolore alias vel non necessitatibus. Nobis consequatur dolores dolore consequatur atque rem. Reiciendis error voluptatem sunt amet. Quo est harum rem consequatur qui. Autem aut quas mollitia amet. Sequi et ut rerum sit perspiciatis excepturi et. Sunt rem esse velit sint ea est tempora est. Quo mollitia eum est qui. Sed vel omnis recusandae rerum exercitationem qui. Perspiciatis occaecati quaerat fugiat. Quia maiores corporis fuga distinctio placeat voluptas.', '2021-04-30 00:29:03', '2021-04-30 00:29:03', '', '', '', ''),
	(48, 8, 'Quaerat debitis recusandae et voluptatibus ad voluptatem.', 'ut-laudantium-porro-enim-et-corrupti-expedita-dolor', 'https://via.placeholder.com/1280x720.png/003388?text=rerum', '-31.562804', '-20.189271', 1, 'Unde modi maxime dolor recusandae. Explicabo qui blanditiis minus accusamus. Et quos iure voluptas recusandae sed dolorem aspernatur. Consequuntur minima quam dolorem sit porro et et. Molestias odit et in id. Autem aut est qui. Consequatur quia esse illo temporibus laboriosam qui. Earum enim accusantium non et ipsa. Ratione eum quia suscipit velit qui pariatur sit ipsum. Eligendi possimus qui sed omnis. Soluta repellendus laudantium aliquam nam quidem. Itaque pariatur nemo odit voluptas pariatur voluptates qui. Recusandae quasi consequatur ea adipisci. Veritatis officiis iusto quis sit. Sed nihil pariatur et dolor reprehenderit. Voluptatem nulla veritatis quod molestiae ipsa. Dicta corrupti et facere vitae cumque dignissimos. Perferendis aut repellat tenetur non dicta.', '2021-04-30 00:29:03', '2021-04-30 00:29:03', '', '', '', ''),
	(49, 5, 'Architecto molestias sit quia mollitia hic natus.', 'illo-voluptas-doloribus-veniam-velit-corporis-temporibus', 'https://via.placeholder.com/1280x720.png/00bb00?text=excepturi', '2.166185', '56.967763', 1, 'Sit beatae ut eum id vel eum. Ratione enim rem repellat doloribus incidunt autem itaque. Voluptas eligendi dicta velit eos molestias quidem. Et qui qui numquam est. Officiis excepturi enim in non. Placeat voluptas rem et voluptatem. Quia quo corporis nulla tempore. Ducimus sequi aut laudantium rem eum. Mollitia quaerat nam quam commodi ipsa consequatur vel. Exercitationem officiis in nulla ipsam dolor. Nisi iste aliquam tenetur nobis. Assumenda eum molestiae suscipit doloremque quia eos. Repellat rerum dicta et rerum optio. Repudiandae sint modi aut ipsa ipsam laudantium non repudiandae. Qui quia commodi quibusdam assumenda totam adipisci delectus placeat. Et iure rem et inventore eius a illum. Voluptate vero fugit nam facilis iure sunt sit.', '2021-04-30 00:29:03', '2021-04-30 00:29:03', '', '', '', ''),
	(50, 1, 'Maxime omnis et fuga itaque dignissimos non.', 'voluptatem-illo-qui-fugit-quaerat-vel-aut', 'https://via.placeholder.com/1280x720.png/00eedd?text=et', '64.826417', '30.687221', 1, 'Commodi ut voluptatem maiores ipsa odio ut ut. Quia non ab facere impedit et eius qui. Distinctio ipsum velit repudiandae qui perferendis. Quae excepturi sed repellendus et qui aut. Ullam labore dicta hic ea enim. Dolor recusandae architecto corporis dolorem ab laboriosam. Aut est non magnam ea ut et. Numquam vitae sequi deleniti recusandae itaque laborum nihil. Ut aperiam quae exercitationem tempore consectetur quidem exercitationem. Corrupti deleniti nisi sit qui voluptas. Magnam est eos laboriosam iste eius. Excepturi quas temporibus rerum placeat molestiae ab. Sapiente repellendus ut quo a et. Et animi ut fugiat culpa corrupti. Voluptate occaecati sed voluptatem voluptatem.', '2021-04-30 00:29:03', '2021-04-30 00:29:03', '', '', '', ''),
	(51, 6, 'Qui impedit voluptatem et.', 'tenetur-quia-incidunt-odio-vero-architecto-est', 'https://via.placeholder.com/1280x720.png/00aa66?text=quas', '2.12081', '-22.649674', 0, 'Minus unde vel placeat. Numquam in aut consequatur ea. Officiis sunt voluptas dolores rem impedit et. Quasi quo non ratione nobis mollitia eos est sint. Ex in et reiciendis. Est doloribus deserunt et commodi libero. Ut et et sed animi. Reiciendis ut totam laboriosam incidunt distinctio optio ut. Voluptas voluptatum sit consequuntur mollitia voluptatem. Eum eveniet itaque et. Eos fugit asperiores ut velit et. Reprehenderit atque ipsum reiciendis et id quo omnis. Vitae aut beatae blanditiis rem ducimus et ut. Asperiores quisquam velit commodi nihil. Repellat modi impedit et non praesentium incidunt voluptas. Quo rerum provident unde omnis. Et mollitia quia voluptates incidunt non alias quas.', '2021-04-30 00:29:03', '2021-04-30 00:29:03', '', '', '', ''),
	(52, 3, 'Blanditiis voluptatum tenetur nobis.', 'eius-molestias-est-rerum-fugit-pariatur', 'https://via.placeholder.com/1280x720.png/006600?text=omnis', '-70.558685', '79.021138', 0, 'Ut aperiam error assumenda eveniet inventore facilis. Sed et numquam quo maxime porro reprehenderit ab. Sed dolor ducimus minima exercitationem vel. Amet sint fugit qui eum et esse deserunt. Eaque eum sunt et. Asperiores ut voluptas quaerat iure voluptates animi culpa voluptates. Qui natus amet numquam facilis aliquam. Voluptatem dolorum adipisci voluptatibus quod error. Ut cum deleniti veniam aperiam harum repudiandae labore. Non saepe voluptas consequatur fuga qui inventore. Ex commodi laudantium eum maiores. Consequatur qui fuga ut aperiam. Alias unde recusandae quibusdam ut atque hic. Placeat voluptatem illum provident magni. Rerum aut ratione recusandae dolores ab fugiat. Est rerum repellendus qui rerum mollitia quisquam. Aperiam at sunt maiores quia. Illo ut eius qui sed.', '2021-04-30 00:29:03', '2021-04-30 00:29:03', '', '', '', ''),
	(53, 4, 'Sed eligendi quis numquam aperiam quia.', 'aut-eos-consequatur-qui', 'https://via.placeholder.com/1280x720.png/007799?text=reprehenderit', '16.210265', '-99.805821', 1, 'Ullam nisi dicta tenetur veritatis. Ipsum totam ab illum quod. Dolor ullam modi temporibus repellat ipsa. Similique numquam ab et maxime esse. Blanditiis est ut et. Aut pariatur quidem animi dolorem. Similique tenetur sunt officia. Eveniet quia enim veritatis natus incidunt nostrum ducimus. Dolorum quis soluta eligendi est. Et laboriosam aut nihil rerum quia aperiam voluptatem. Ea velit aliquam voluptatem fugit quo aliquam quos aut. Eveniet sit at dolore qui. Ipsum voluptatem molestiae commodi. Ea vel error illo eos asperiores. Distinctio vitae cum dolores et voluptate. Rerum quia suscipit eos aut et. Iure veniam architecto consectetur sit facere. Itaque sit tempore quia unde. Officiis ab facere aut quo recusandae.', '2021-04-30 00:29:03', '2021-04-30 00:29:03', '', '', '', ''),
	(54, 7, 'Et est odit quibusdam odit earum perferendis rerum et.', 'adipisci-explicabo-eius-aut-debitis-inventore', 'https://via.placeholder.com/1280x720.png/0033dd?text=omnis', '-34.528482', '-80.643388', 1, 'Accusamus reiciendis non et quisquam magni id. Molestias necessitatibus numquam illum eum tempora aut laborum. Voluptatum consequatur qui consequatur quis. Voluptas nam qui et eos dignissimos. Qui ullam debitis ullam assumenda quia ut. Tenetur velit quidem non vitae quod. Qui ut sit voluptatum ut rerum repellat. Et sit illum quibusdam. Id neque sequi quia odit omnis quisquam et. Reiciendis perspiciatis molestiae occaecati laboriosam consectetur officia at non. Nihil aperiam enim maxime recusandae cumque qui. Provident voluptatem repellat iure qui voluptatem. Consequatur distinctio et et est aut a saepe magnam. Placeat vel porro dignissimos excepturi deserunt impedit. Facere eveniet voluptatem quam inventore. Ratione vel nobis ullam ullam quo ut.', '2021-04-30 00:29:03', '2021-04-30 00:29:03', '', '', '', ''),
	(55, 8, 'Eos eos eum perspiciatis est.', 'assumenda-et-id-eos', 'https://via.placeholder.com/1280x720.png/001100?text=exercitationem', '-26.041979', '-72.865988', 0, 'Iusto eum quis quaerat blanditiis dolore. Magnam aut voluptatem ratione facilis sed. Ut mollitia unde itaque autem. Tempora totam nostrum enim corporis reiciendis est doloremque. Ut asperiores odit reprehenderit sit labore. Et perferendis aut exercitationem nobis ad. Autem nisi quis aut porro ut. Fugiat facere et est odio. Quia aut laborum iure esse dicta. Odio explicabo dolorum laborum asperiores distinctio quam incidunt. Officiis officiis sit iusto ipsum eveniet molestiae. In deserunt sint dolorum saepe iste voluptatem. Quibusdam occaecati modi asperiores veniam dolor magni qui. Qui numquam sunt cumque temporibus nobis earum accusantium quam. Et reiciendis velit labore ipsa aperiam quo. Nulla quod harum blanditiis fuga maxime. Fugit et ea omnis aut quod pariatur commodi nemo.', '2021-04-30 00:29:03', '2021-04-30 00:29:03', '', '', '', ''),
	(56, 5, 'Non quia cum asperiores explicabo repudiandae omnis.', 'aut-dolor-sit-accusamus-in-et-ut-in', 'https://via.placeholder.com/1280x720.png/007700?text=sequi', '49.387277', '125.270231', 1, 'At aliquam eum impedit ea laborum. Doloremque excepturi harum nobis enim repellat sit animi. Veritatis blanditiis sit sed iusto commodi repellendus odio. Est porro id consectetur accusantium totam. Ut ab adipisci quis quia. Quo eius consectetur voluptatum quibusdam doloribus quia sit. Iste sit vel fuga officia sit repellendus. Sunt ut possimus et quo illum sed et. Aliquid voluptas necessitatibus consequatur porro. Enim voluptatem nihil delectus voluptas eos recusandae. Eveniet aut id unde eos eos commodi sit. Nobis sit voluptatem voluptatem asperiores sunt dolore reiciendis. Eos voluptatem reprehenderit voluptatem.', '2021-04-30 00:29:03', '2021-04-30 00:29:03', '', '', '', ''),
	(57, 6, 'Eos saepe nihil aut voluptatem est delectus et.', 'animi-pariatur-consequatur-delectus-nobis-asperiores-est', 'https://via.placeholder.com/1280x720.png/000099?text=voluptatum', '-46.117249', '71.012214', 0, 'Quo reiciendis magni porro officiis sit sit maiores. Aliquid qui odit dolores veniam nobis. Sapiente est quo esse qui. Beatae blanditiis nisi illo numquam molestiae dolores. Asperiores eaque voluptas perspiciatis suscipit voluptas aut. Consequatur et dignissimos debitis. Eaque saepe molestiae magnam ullam officiis. Voluptates nostrum fugit impedit quas quia porro beatae. Et est ut consequatur nihil quod. Nam consectetur voluptatem dolor provident quam maiores molestiae dolore. Consectetur qui saepe recusandae commodi delectus nostrum totam. Minus dignissimos sunt ut impedit iste nihil. Iusto omnis non mollitia pariatur deserunt. Perspiciatis dolorum sint ex eum distinctio odio dolores est.', '2021-04-30 00:29:03', '2021-04-30 00:29:03', '', '', '', ''),
	(58, 2, 'Quam voluptatem nostrum voluptatem dolor.', 'unde-dolor-fugiat-velit-asperiores-voluptas-ut', 'https://via.placeholder.com/1280x720.png/004400?text=at', '68.882858', '-49.425117', 0, 'Sit dolorum ipsum rem in libero eum. Tempora illum quo deserunt aperiam error. Rerum eos non et libero facilis eveniet. Dolores ut facilis necessitatibus aut tenetur. Ea atque magnam placeat. Aut ullam minima velit. Esse nisi rerum nam ab quas. Voluptas quidem autem ut aut quia. Voluptas qui necessitatibus ut et nihil maxime inventore. Corrupti quia soluta minima sequi atque pariatur porro totam. Optio quas est mollitia et magni. Facere tempore est vel. Repellendus qui inventore reprehenderit at nam. Architecto ipsa veniam beatae impedit. Quia officiis animi necessitatibus ut. Eum consectetur ut exercitationem at qui atque. Quis ducimus maxime vel error eligendi minus voluptatum. Nemo ipsum aliquid velit inventore ut est.', '2021-04-30 00:29:03', '2021-04-30 00:29:03', '', '', '', ''),
	(59, 3, 'Recusandae temporibus ab ut labore ipsum nesciunt expedita facere.', 'sit-nostrum-in-praesentium-deleniti-ducimus-sit-deserunt-corporis', 'https://via.placeholder.com/1280x720.png/002299?text=perspiciatis', '-33.278793', '95.132241', 1, 'Officiis voluptas repellendus dolorem iure quia et. Aspernatur reprehenderit minima vitae et quo consequatur. Quia deserunt rerum nobis odio ullam id. Molestiae error corrupti velit et et. Non id nisi quas et et rem rerum. Ipsa vel explicabo enim rerum odio. Dicta quisquam laudantium rerum et. Molestiae modi quia doloribus voluptatum provident sit. Aperiam omnis molestiae ea facere at qui sed sit. Nam velit similique quis quidem. Accusamus et accusamus sint consequatur laudantium. Minima nam in id culpa. Ipsum nam deleniti qui itaque. Dicta quod beatae sint dolor sint. Est explicabo architecto dicta reprehenderit. Quas et corporis labore. Modi eum possimus natus sit.', '2021-04-30 00:29:03', '2021-04-30 00:29:03', '', '', '', ''),
	(60, 3, 'Pariatur dolor quisquam qui sit eum.', 'porro-aspernatur-ut-quia-voluptate-sed', 'https://via.placeholder.com/1280x720.png/006666?text=et', '0.894864', '-129.058979', 1, 'Ratione reprehenderit voluptatum molestiae qui explicabo tempora. Aliquam nisi aut ut quisquam recusandae iusto deleniti. Fugiat ea expedita dolorem consequatur non. Exercitationem corrupti et dolorem dignissimos veniam qui sunt. Eum quas fuga magni voluptatum nisi. At in et iure eius excepturi. Ab quaerat dolores accusantium ut. Voluptas molestiae qui vero porro inventore consequatur repellendus. Necessitatibus voluptatibus qui doloribus nostrum nisi blanditiis. Laborum architecto omnis sunt. Eum aut et atque est. Commodi ex excepturi nesciunt occaecati et consequuntur itaque consequatur. Libero alias ut aspernatur aut recusandae. Qui blanditiis ipsum sed et occaecati optio est. Itaque quia aut sed quia veniam fugiat facere consequatur. Eum et eum quos eius est nemo deleniti.', '2021-04-30 00:29:03', '2021-04-30 00:29:03', '', '', '', ''),
	(61, 8, 'Totam magnam voluptas repellat.', 'earum-ad-molestias-fugiat-accusamus-aliquam-consectetur', 'https://via.placeholder.com/1280x720.png/003366?text=velit', '77.275678', '-50.390447', 0, 'Et saepe ut itaque et possimus rerum officia facere. Et quidem assumenda et ducimus. Fugiat quisquam voluptatem rerum optio consequuntur repudiandae nemo. Facilis nemo eaque quia et et molestias. Delectus veniam qui temporibus itaque vitae occaecati. Tenetur quam necessitatibus omnis reprehenderit eaque perferendis est. Deleniti non quos et facere. Excepturi tenetur earum quibusdam quia rerum accusamus exercitationem. Molestiae dolor excepturi cupiditate id at harum autem. Ut consequuntur sunt sunt molestiae delectus iusto. Voluptas quasi nam eum. Error dolorem est ut fuga est placeat. Eum aut commodi odio voluptas nesciunt dolor voluptatibus. Odio ut tenetur quo maiores maxime ut.', '2021-04-30 00:29:03', '2021-04-30 00:29:03', '', '', '', ''),
	(62, 10, 'Optio voluptas quo deserunt ea ut voluptatibus.', 'voluptas-a-commodi-labore-fugiat', 'https://via.placeholder.com/1280x720.png/000022?text=eaque', '0.143041', '10.857976', 0, 'Temporibus expedita rerum quasi qui aperiam. Ut odit dicta dolorem aut. Perferendis qui accusantium omnis beatae sint et. Debitis deleniti ex pariatur est. Fuga necessitatibus eum aut quia. Alias aperiam adipisci ea. Incidunt cum quia quibusdam veritatis cum ullam culpa. Quisquam sit iure ut at sed veritatis et et. Dolorum odit excepturi enim enim dolores. Rerum consequatur in molestias animi exercitationem placeat. Beatae occaecati sed similique. Voluptatem ea maxime velit corrupti. Magni qui eligendi similique provident distinctio nesciunt tenetur. Atque eos est qui deserunt nam dolorem. Laboriosam maiores at accusantium id molestiae eveniet ut consequuntur. Doloribus voluptate saepe tempora est quasi cupiditate consequatur. Recusandae eos aperiam ab molestias harum fuga voluptas.', '2021-04-30 00:29:03', '2021-04-30 00:29:03', '', '', '', ''),
	(63, 2, 'Sed aspernatur nulla earum nesciunt qui nostrum.', 'possimus-sit-voluptas-molestiae-eligendi-itaque-nisi', 'https://via.placeholder.com/1280x720.png/0022bb?text=magnam', '-70.38673', '59.106058', 0, 'Consequatur odio sunt dicta rem debitis. Est voluptas consequatur dolor cum eius rerum. Ut delectus eaque accusamus eos deserunt ullam. Ea est officiis nihil nobis dolorem earum. Ipsum incidunt blanditiis ut est id illo. Nisi et magni voluptatum. Est veritatis et aut alias explicabo. Voluptas delectus nihil et qui. Quae accusantium qui perferendis enim laudantium enim at. Sunt omnis ullam magnam ut voluptatem. Praesentium quidem et soluta odio adipisci sit. Omnis qui inventore dolore nemo nemo saepe dicta harum. Sequi quibusdam occaecati facilis possimus voluptatem quidem. Dolores enim facilis porro iure aut. Enim voluptatem placeat beatae eum consequatur repudiandae ducimus. Consequuntur non enim expedita quos repudiandae perspiciatis.', '2021-04-30 00:29:03', '2021-04-30 00:29:03', '', '', '', ''),
	(64, 5, 'Autem atque aut aut blanditiis.', 'facere-alias-ab-occaecati-cupiditate-placeat', 'https://via.placeholder.com/1280x720.png/0055cc?text=aut', '89.691969', '160.246184', 1, 'Sunt sint iure eos non et est molestiae et. Sint adipisci nesciunt sed ea et deserunt incidunt. Itaque dolorum voluptate sapiente alias doloremque ut. Magnam ducimus fugiat consequatur enim. Aut recusandae fugit dolorem ut est eius molestiae est. Et officiis ex aliquam distinctio quia dolores qui. Laborum labore porro est voluptatum sit id quia. Animi debitis modi atque qui est sed molestiae quisquam. Deleniti sunt aspernatur eos quisquam debitis. Quam officiis sit qui ut iusto ipsam. Omnis asperiores beatae sed similique totam. Omnis in eos totam et iusto rerum quia. Quis rerum velit debitis autem omnis. Fuga aut dicta eius excepturi minus. Rerum quisquam et autem libero dolorum.', '2021-04-30 00:29:03', '2021-04-30 00:29:03', '', '', '', ''),
	(65, 6, 'Tempora est consequatur ipsam reiciendis omnis.', 'repellat-temporibus-officia-harum-non', 'https://via.placeholder.com/1280x720.png/0066ee?text=sint', '62.509305', '-109.928939', 1, 'Ut et expedita iusto tempora possimus occaecati odit distinctio. Cumque consequatur id aperiam occaecati. Tempora sequi et molestiae enim suscipit. Enim amet cumque ut quod corrupti ipsam. Ullam quia tenetur sequi quam quaerat beatae. Debitis repudiandae ab voluptatem et. Minus unde sint est sint animi. Molestiae qui vero id delectus. Temporibus laborum et libero consequatur qui quaerat est iusto. Nihil dolorem voluptatem sit ad ut beatae iste. Rerum ut tempora sed qui nulla omnis. Odit numquam et sint est inventore. Cum aliquid pariatur qui sapiente et aperiam eligendi consequatur. Sit officia sed ut cupiditate enim et et. Eius eaque laboriosam dolor eaque sint necessitatibus. Blanditiis molestiae qui dolor libero. Ea cupiditate sit impedit est.', '2021-04-30 00:29:03', '2021-04-30 00:29:03', '', '', '', ''),
	(66, 4, 'Perspiciatis quasi velit aut non odit veniam quis.', 'ea-nam-qui-dolores-accusamus-rem', 'https://via.placeholder.com/1280x720.png/00aa55?text=sit', '26.629453', '2.945665', 1, 'A facilis ducimus et facere hic eum. Ut provident aut earum nihil. Eaque est ut sequi saepe. Praesentium mollitia molestiae enim occaecati pariatur. Necessitatibus aspernatur qui voluptatem. Dignissimos earum velit quaerat qui sit in est. Est quo odio doloremque unde eligendi omnis quisquam. Eum laudantium iusto alias harum eveniet. Sed qui reiciendis aut dolores et eos eos. Id architecto assumenda dolores dolor aut et. Dolorem repellat pariatur et dolorum quas earum suscipit. Quia suscipit voluptas rerum est saepe sit aliquam. Ut non modi porro ut vitae voluptatum. Commodi soluta ratione esse voluptatem est rerum ratione. Deleniti debitis et sit dicta.', '2021-04-30 00:29:03', '2021-04-30 00:29:03', '', '', '', ''),
	(67, 5, 'Unde delectus repudiandae rerum itaque.', 'voluptatem-architecto-est-eos', 'https://via.placeholder.com/1280x720.png/0011aa?text=explicabo', '-78.519791', '-159.732388', 0, 'Voluptatem molestiae officia quis magnam blanditiis. Voluptatum minima sit quia voluptas deleniti et. Quaerat cupiditate laborum et cum optio perferendis. Vitae error quibusdam vero reprehenderit consequatur nam architecto ea. Laudantium commodi dolor illo labore. Aliquid labore praesentium et possimus illum enim. Enim possimus voluptate ut atque. Et quae quos autem et. Id rem doloribus fuga enim neque et alias laborum. Nihil aut quisquam ut. Aut totam impedit maiores amet. Quod aut recusandae ad unde alias modi dolorem dolorem. Necessitatibus quia doloribus ut neque necessitatibus cumque. Repellendus eum enim beatae doloremque nisi odit et. Nisi doloremque quia laboriosam dolor.', '2021-04-30 00:29:03', '2021-04-30 00:29:03', '', '', '', ''),
	(68, 9, 'Architecto ex labore dolorum ab odit nesciunt sed quia.', 'cupiditate-est-aliquam-explicabo-sint-nam', 'https://via.placeholder.com/1280x720.png/0077ff?text=hic', '83.095478', '-179.667323', 1, 'Laboriosam assumenda ut unde et quos sed. Aut vero voluptatum iusto quae est harum recusandae. Quo non eos ut eos omnis soluta dolores. Ut esse in vitae repellat eveniet. Ad magni repellendus animi aut. Sit aut accusantium quo ullam velit quo possimus. Quod porro et omnis aliquid quasi facere. Veniam fugiat quidem quae optio alias assumenda ipsam. Aperiam et nostrum et sint pariatur. Est sed vitae optio minima nihil cum. Laudantium sapiente sit repudiandae tenetur et. Quibusdam quisquam earum suscipit eligendi. Sapiente laudantium omnis consequatur omnis animi. Aut et quod modi ad perspiciatis quis autem quam. Aliquam aut dolorem vero nulla labore. Alias a sunt ut. Quaerat architecto est quia aut dolore et. Dolor voluptatum soluta harum illo dolores. Repellat laudantium omnis iste.', '2021-04-30 00:29:03', '2021-04-30 00:29:03', '', '', '', ''),
	(69, 7, 'Sunt doloremque fuga blanditiis eum non veritatis quidem.', 'consectetur-voluptas-doloribus-iusto-maiores-et', 'https://via.placeholder.com/1280x720.png/0055aa?text=amet', '-62.290557', '86.942167', 0, 'Eos natus officia nesciunt quod. Possimus quisquam excepturi magnam quos dolores fugit reprehenderit. Laborum aut perferendis quod laborum odio. Omnis nihil dolor quis quia repudiandae repellat perspiciatis. Quam eligendi hic hic molestiae et ut. Eum sed aut inventore sit nemo numquam pariatur dolores. Ut debitis sequi dolore. Dolores et molestiae velit. Eaque qui exercitationem officia. Temporibus nemo asperiores et voluptates saepe consequatur. Natus eaque natus quo veritatis ut. Dignissimos quidem et suscipit ut debitis voluptatibus. Quam dolores natus at est alias. Enim illo et dolor ipsum praesentium dolores et. Aut voluptatem corrupti sunt sequi alias et fugit. Omnis eos possimus rerum ut.', '2021-04-30 00:29:03', '2021-04-30 00:29:03', '', '', '', ''),
	(70, 8, 'Animi similique occaecati voluptatum.', 'dolor-omnis-eaque-quisquam-non-numquam', 'https://via.placeholder.com/1280x720.png/006611?text=voluptatem', '-18.314087', '-134.798804', 0, 'Nesciunt dolorum consequatur earum quas. Cumque expedita suscipit nesciunt voluptas omnis. Dolorum architecto magni adipisci sit voluptatem. Natus natus corrupti modi est qui ratione sed. Voluptatem veritatis quasi nobis voluptatibus minus aut. Rerum ad doloribus aut nulla quo. At iusto dignissimos rerum non aut nisi. Blanditiis dolores et sed quia. Omnis dolorem magnam quae voluptatem quia harum eos. Id quaerat aut qui sint aliquam. Dolore delectus rem vero porro culpa quo. Eos incidunt dicta placeat non numquam ipsa cumque quia. Aliquam enim dolor et perferendis. Sed modi autem et accusamus voluptatem voluptatibus eum optio. Quia aut praesentium nam qui consequatur. Rerum nobis unde magni nihil aut similique. Aut laboriosam quia sunt sed.', '2021-04-30 00:29:03', '2021-04-30 00:29:03', '', '', '', ''),
	(71, 9, 'Nobis magnam vero fugiat sequi quia dolor.', 'laborum-et-in-nam-sit-est-placeat', 'https://via.placeholder.com/1280x720.png/009933?text=vitae', '-13.484906', '-77.890981', 1, 'Reprehenderit fuga non culpa nesciunt id impedit vitae. Dicta maxime voluptatibus sed error occaecati. Nam ut molestias illum. Quibusdam non eum qui consectetur rerum optio expedita. Facere numquam qui perspiciatis ut. Qui qui non exercitationem sit quasi et aliquid. Non ut alias soluta harum rerum sed veniam alias. Natus quisquam similique explicabo ea possimus porro. Necessitatibus est sequi voluptatem sed sit quam eligendi. Delectus odio incidunt quasi tempore. Incidunt quos sint tempora accusantium est. Sed quas assumenda excepturi aut sit est. Omnis sed velit qui excepturi et culpa recusandae. Et impedit quasi placeat non recusandae consequatur voluptates.', '2021-04-30 00:29:03', '2021-04-30 00:29:03', '', '', '', ''),
	(72, 1, 'Omnis id cum quia voluptatem.', 'error-doloribus-tempore-soluta-sunt-ea-et', 'https://via.placeholder.com/1280x720.png/00ee99?text=sint', '50.6757', '-69.621484', 0, 'Rerum consectetur aliquid veritatis accusantium officiis. Veritatis magni quia unde magni ab perspiciatis aut. Facilis placeat magni voluptatem labore accusamus voluptatibus. Ab a nemo nihil quibusdam perspiciatis. Odit dolorum dolorem sed aperiam. Praesentium architecto maxime delectus ipsa. Rem voluptatem maxime neque et ratione. Inventore impedit possimus quam modi molestiae unde. Aperiam ullam qui debitis vel laudantium et iusto. Mollitia est modi et perferendis vero ipsam. Est iste repellendus et nobis saepe est. Ab soluta blanditiis voluptatem nihil quia non. Maiores odit aut quidem ut. Distinctio architecto omnis excepturi odio. Dolorum alias sed fugit alias fugit enim ut ut.', '2021-04-30 00:29:03', '2021-04-30 00:29:03', '', '', '', ''),
	(73, 4, 'Veritatis in molestiae ducimus rerum praesentium.', 'consectetur-asperiores-eaque-dicta', 'https://via.placeholder.com/1280x720.png/00cc66?text=ullam', '-30.758019', '-169.419109', 1, 'Harum rerum eum commodi quae esse enim assumenda repudiandae. Deserunt aut vitae impedit nam. Unde ipsum accusantium dicta. Ratione blanditiis sed deserunt explicabo. Eligendi aut in adipisci. Eveniet fugit consequatur molestias voluptatem qui rerum. Ut saepe non ut perferendis ut corrupti expedita eaque. Non quaerat inventore maxime id. Tempore maxime id et voluptatem molestias qui ipsam mollitia. Tempora accusamus possimus enim occaecati et architecto. Qui ipsam aut vel. Magnam ut dolor vitae nihil eos dolorem aliquid. Voluptas porro tenetur blanditiis sit voluptatem tempore. Blanditiis dolores reiciendis enim in suscipit ullam deserunt. Explicabo est nulla necessitatibus velit nam ut soluta. Quidem tempora corporis alias dolorem temporibus dolore qui.', '2021-04-30 00:29:03', '2021-04-30 00:29:03', '', '', '', ''),
	(74, 7, 'Distinctio deleniti ipsam aut vitae aut ipsam excepturi qui.', 'unde-odit-debitis-voluptas-commodi-impedit', 'https://via.placeholder.com/1280x720.png/00aa66?text=nisi', '-60.757604', '-151.030835', 1, 'Delectus aut quis rem. Officia dignissimos aut sint vel est fugit dicta. Repudiandae velit est quod dolor. In aut deserunt molestias alias. In reprehenderit rem quod et ab hic. Voluptate quod rerum aut. Consequatur assumenda quos non adipisci aliquid ut dolores. Accusantium dolor est nihil at id. Fuga alias occaecati sed maxime sint. Dolores et nostrum sunt et nobis. Modi veniam provident nesciunt eveniet eos ut quod. Ut neque qui accusamus omnis ipsum inventore expedita. Dolores consequatur praesentium maxime sint cupiditate est voluptatem. At corporis aliquid quibusdam laboriosam veniam soluta velit. Sint ducimus maiores sit ut. Quia qui totam sequi quia nulla alias. Qui sunt eos est itaque saepe dolorum.', '2021-04-30 00:29:03', '2021-04-30 00:29:03', '', '', '', ''),
	(75, 9, 'Et aperiam odit id qui.', 'corrupti-non-et-corrupti-eveniet', 'https://via.placeholder.com/1280x720.png/0000cc?text=est', '59.106839', '144.52233', 0, 'Modi quo reiciendis qui magnam quia laborum incidunt enim. Assumenda est est alias. Repellat eos sed praesentium voluptas. Optio perspiciatis explicabo earum odio aliquam. Asperiores maxime provident aut quo debitis maxime veniam accusamus. Incidunt consequuntur dolores ea recusandae quos voluptatem assumenda. Quis animi iste praesentium iste quia aut. Aut et perferendis enim natus qui. Aut fugit nesciunt perferendis excepturi. Pariatur corporis ea quia dicta. Sint consequatur eum repellendus praesentium eius porro. Aut aperiam ut a facilis veritatis ratione facilis. Dignissimos quaerat aspernatur omnis iste cumque et optio. Velit quis velit est error voluptate. Nostrum odio saepe animi non quia.', '2021-04-30 00:29:03', '2021-04-30 00:29:03', '', '', '', ''),
	(76, 8, 'Sed error vel sint reprehenderit.', 'quo-tempora-temporibus-est-velit', 'https://via.placeholder.com/1280x720.png/009999?text=veritatis', '60.548059', '-148.287849', 0, 'Omnis error quia quae aut dolores. Odio possimus aut suscipit consectetur excepturi possimus. Magni temporibus odio dicta quia laudantium incidunt. Error et ipsa ad est soluta. Sed consectetur fugiat iste aut cum. Est laudantium est et nobis accusamus. Dolores sapiente inventore consequatur odit aut veniam laudantium. Aut et illum quia est molestiae exercitationem laudantium ut. Placeat tempora sint vero rerum. Et aspernatur aut incidunt et dolore labore cum. Placeat enim debitis quia blanditiis. Aliquid sint cupiditate corrupti velit voluptatum sed sapiente. Et consequuntur et nulla dolor. Odio occaecati ipsam in et dolores quod. Officia quia dolorum culpa libero autem qui dolore. Possimus corporis in consequatur ipsum hic.', '2021-04-30 00:29:03', '2021-04-30 00:29:03', '', '', '', ''),
	(77, 1, 'Id rerum officia rerum delectus deleniti ipsam.', 'veniam-et-voluptas-et-et', 'https://via.placeholder.com/1280x720.png/00cc66?text=id', '10.047363', '-179.28038', 1, 'Temporibus consequatur vitae natus ut dolores tempora consequatur. Minima sit vel et et occaecati sunt cumque. Fugiat qui excepturi ut ratione et aspernatur. Pariatur eveniet aliquid recusandae esse tempore qui. Maiores eius voluptate quisquam ut illo eum beatae quo. Et architecto non illum culpa quis sunt ea. Eligendi ducimus nisi deleniti beatae. Quidem aut repudiandae et est ea commodi veniam. Reprehenderit laborum dolor soluta quae optio et. Eius exercitationem quo quasi tempora et id debitis exercitationem. Pariatur et cumque aut quaerat. Aperiam voluptates minima et reiciendis molestiae reiciendis. Totam placeat et at. Sequi sit illum non facere dolor ut ratione. Laudantium sed distinctio corrupti ut iste quam. Voluptatem mollitia inventore velit eveniet nostrum.', '2021-04-30 00:29:03', '2021-04-30 00:29:03', '', '', '', ''),
	(78, 6, 'Eligendi dolorem dolorum qui quam eaque quam voluptas.', 'explicabo-velit-dolorem-asperiores-doloribus-saepe-officia', 'https://via.placeholder.com/1280x720.png/00ff88?text=repellendus', '-56.123939', '104.49566', 0, 'Repellendus recusandae quas iste qui delectus. Quod ratione eligendi autem aut unde nihil. Ea placeat eos nemo qui iusto. Odio laborum nostrum et ad. Similique aut eos aut fugit. Dicta quaerat in illum aliquid eaque qui. Error omnis aut et dolores quod omnis. Fugiat non omnis fuga rerum. Nam numquam vitae voluptatem illum et. Velit modi alias aspernatur. Expedita veritatis ex consectetur enim. Voluptatibus excepturi tempora voluptas sunt ut et pariatur. Consequatur ut veritatis quisquam voluptas dolores voluptas. Eum blanditiis et veniam voluptates. Inventore vel rem sapiente sit et sed. Laudantium mollitia minus quia iste nobis. Incidunt sapiente ullam ad et vero commodi.', '2021-04-30 00:29:03', '2021-04-30 00:29:03', '', '', '', ''),
	(79, 5, 'Sunt error blanditiis blanditiis odit laboriosam omnis aut.', 'harum-molestiae-animi-inventore-aliquam-facere', 'https://via.placeholder.com/1280x720.png/00aa99?text=voluptates', '-47.518753', '-20.399693', 0, 'Possimus vel nulla accusantium. Dignissimos doloremque sunt expedita laudantium. Doloremque repellendus et ipsum et. Quia perferendis incidunt aut qui esse dolores. Praesentium ipsum eum architecto sequi ut adipisci. Quod voluptatem quo dolore dolorum esse aut aut quo. Aut ut blanditiis omnis qui sed quibusdam. Illum placeat itaque optio impedit tempora quo nesciunt. Molestias omnis consequatur quo aut nulla et. Quam est nam voluptatem culpa qui. Dolor a cumque et. Eius unde enim iure totam mollitia omnis. Perferendis non necessitatibus facere sapiente. Fugiat aut sit id. Ea ducimus aut et officia occaecati. Sapiente cum quam ut ut ut. Ipsam voluptates pariatur laudantium et porro vel natus. Quam rerum consequatur ratione dolores amet. Pariatur optio illo iusto.', '2021-04-30 00:29:03', '2021-04-30 00:29:03', '', '', '', ''),
	(80, 4, 'Quod autem commodi amet qui.', 'ut-rerum-illo-ut-labore-reprehenderit-eveniet-autem-autem', 'https://via.placeholder.com/1280x720.png/00aa11?text=eos', '-84.376941', '21.934253', 1, 'Qui delectus accusamus ut aliquam atque. Laborum architecto labore magnam dolores nesciunt. Ut inventore voluptas asperiores maiores qui. Quas quia sint distinctio veritatis. Soluta ad ad cupiditate quae voluptate. Rerum explicabo voluptatem sed officiis vel illum. Ea laudantium voluptatem et sed voluptatibus occaecati omnis sint. Nesciunt nisi consectetur nihil vel dolor maxime dignissimos reiciendis. Eveniet excepturi minima magni maxime excepturi ut mollitia. Iure ipsa neque eaque magnam modi mollitia. Quia molestias culpa voluptas ut ut molestias qui. Minima minus voluptatem odit ut omnis. Soluta animi sint sint consequuntur quia. Enim veritatis velit consequatur aut voluptatem eligendi qui. Quam ea non magnam repudiandae saepe.', '2021-04-30 00:29:03', '2021-04-30 00:29:03', '', '', '', ''),
	(81, 10, 'Est quasi quos magnam consequatur et et quod.', 'recusandae-omnis-corrupti-adipisci-magnam-mollitia-accusamus-at', 'https://via.placeholder.com/1280x720.png/0044aa?text=qui', '84.264444', '-83.457835', 0, 'Consectetur aut libero nam eum dolorem deleniti quod. Et voluptates odit est odio unde aliquam qui. Minima temporibus qui aut doloribus animi molestias. Id exercitationem omnis sed ad nihil numquam sapiente. Autem laborum culpa quis corrupti doloremque. Eos hic et nesciunt omnis unde nesciunt vero. Nobis voluptate odit voluptas deleniti omnis tempore rerum id. Quia consequatur est non ea nisi. Saepe corrupti veniam dignissimos id incidunt fuga. Illo aliquam architecto totam maxime ad voluptatum. Rerum commodi optio possimus neque. Voluptate sint itaque qui tempore id et. Error aliquam neque inventore maiores. Aut ducimus nisi voluptates dolores perspiciatis. Quia odit et doloremque nihil. Quia et autem aut alias et dolore aliquid.', '2021-04-30 00:29:03', '2021-04-30 00:29:03', '', '', '', ''),
	(82, 4, 'Sit quae nulla qui nobis aut odio ad assumenda.', 'fuga-sit-quis-aspernatur-explicabo-reiciendis-expedita', 'https://via.placeholder.com/1280x720.png/00ff88?text=aut', '37.613245', '168.176564', 0, 'Ex ut doloremque harum cumque ea omnis id. Minus quidem iure odio itaque. Qui deserunt suscipit quae harum eius quo. Ipsam fugiat modi repudiandae itaque blanditiis quaerat quam. A neque iste facilis recusandae. Quidem architecto perferendis aliquam necessitatibus. Est aspernatur velit maxime unde sed magnam id. Et quaerat iusto adipisci. Iusto accusantium provident praesentium consectetur rem occaecati. Minus aut nemo animi enim voluptatem. Cupiditate aut mollitia sed molestias voluptatem laborum. Numquam aut quia iusto nihil exercitationem. Quis doloremque possimus eos est non et vitae dolore. Est eum magni earum qui. Asperiores ex ex delectus saepe architecto. Sapiente et necessitatibus aut enim. Praesentium aut voluptatum dolore qui.', '2021-04-30 00:29:03', '2021-04-30 00:29:03', '', '', '', ''),
	(83, 6, 'Consequuntur incidunt error temporibus numquam molestiae voluptate ullam.', 'ut-laudantium-architecto-consequatur-et', 'https://via.placeholder.com/1280x720.png/00eeaa?text=quis', '-26.218205', '162.005346', 0, 'Doloribus dolores nemo aliquid similique nihil et. Dolorum debitis qui cumque. Praesentium consequatur corporis sit mollitia quam neque. Rerum eos nemo est quo recusandae perspiciatis doloribus. Et blanditiis quibusdam inventore ut dolore illo. Repellat sed sit expedita sequi et. Et inventore non quae quidem nisi voluptatem totam tempore. Nam officiis esse modi exercitationem ea maxime commodi. Aspernatur enim veritatis expedita ipsam. Voluptatem est est voluptas excepturi iste libero. Itaque alias totam consequatur in reprehenderit. Dicta nemo exercitationem nobis et non aliquid. Illum eveniet consequuntur doloremque consequatur.', '2021-04-30 00:29:03', '2021-04-30 00:29:03', '', '', '', ''),
	(84, 8, 'Sit repellat commodi alias ab vel vel et.', 'ut-corporis-nihil-veniam-aut-est', 'https://via.placeholder.com/1280x720.png/002255?text=amet', '-54.120447', '145.59809', 0, 'Deserunt maxime ipsum nesciunt itaque officiis. Rerum molestiae laboriosam expedita pariatur est. Aut eius recusandae nemo. Consequatur sequi quod tempora voluptates rerum quaerat. Qui omnis et quis nemo molestiae quidem qui eveniet. Rem distinctio odio neque assumenda assumenda. Perspiciatis non asperiores est et quasi odio nemo. Rerum veniam voluptatem et voluptatum. Aut dolor ut iusto officia rerum sint voluptatum. Labore molestiae impedit illo eaque numquam eum et. Veritatis quam ex incidunt quod. Consectetur magnam veniam corporis dolor optio. Numquam fugit dolor corporis enim eaque. Iste non illum quibusdam sed esse dolores quae. Illum id modi aut quisquam aliquam et suscipit. In eos consequatur similique voluptatum ex.', '2021-04-30 00:29:03', '2021-04-30 00:29:03', '', '', '', ''),
	(85, 5, 'Impedit quam perspiciatis dolores autem.', 'enim-minus-dolore-impedit-harum-placeat-nulla-laboriosam', 'https://via.placeholder.com/1280x720.png/009977?text=aut', '21.045426', '76.575904', 1, 'Non recusandae provident exercitationem est rem dolorem. Ad aperiam quibusdam rem est. Et consectetur magnam aliquam omnis ut repudiandae. Ipsa delectus quo aut est iste. Ea delectus iste architecto qui nam doloribus nesciunt ullam. Quisquam quibusdam sit aut sapiente similique eum consequuntur. Facere voluptate ad animi et aut accusantium assumenda. Molestias impedit voluptatem nostrum harum ut consequuntur non pariatur. Et nam reprehenderit sed. Qui laudantium et veniam aut repellat. Eos aut et ex ut nihil dicta magnam. Sed eos explicabo non sed. Minima ratione ut fuga consequatur vel harum inventore.', '2021-04-30 00:29:03', '2021-04-30 00:29:03', '', '', '', ''),
	(86, 2, 'Iste maxime temporibus qui quis.', 'voluptas-atque-expedita-ipsam-dignissimos-non-eum-dolores', 'https://via.placeholder.com/1280x720.png/009922?text=officiis', '-66.634727', '45.653957', 1, 'Vitae reprehenderit omnis id. Ut ut voluptas quasi vel animi. Excepturi et vel rerum similique saepe et magnam ad. Debitis sequi dolore officiis ut soluta et. Soluta odio sunt aspernatur quia nobis sed. Ab est rem rem dignissimos voluptas aut reprehenderit. Sint sunt omnis sed ut deserunt quisquam nostrum sint. Quis culpa sit adipisci eaque numquam rerum nisi. Tenetur officia repellendus dolor facere. Molestiae sit at doloribus odit suscipit aliquid. Quos pariatur omnis ut. Necessitatibus tempora officiis maxime qui sit quaerat. Eaque aut placeat qui ut incidunt. Qui est maiores voluptatibus est dolorum explicabo. Velit aut voluptates voluptate nam reiciendis. Praesentium qui sit ab quam aut dolor. Ut fuga commodi nesciunt illum et est suscipit.', '2021-04-30 00:29:03', '2021-04-30 00:29:03', '', '', '', ''),
	(87, 9, 'Iusto doloribus non est beatae voluptatem.', 'ratione-eum-laboriosam-voluptatem-quis', 'https://via.placeholder.com/1280x720.png/0000aa?text=dolorem', '80.866305', '94.671311', 1, 'Nam nobis dolorem aliquid accusantium perspiciatis laboriosam. Non perferendis quo et unde sint atque. Voluptas alias non officia reprehenderit. Minus voluptatem dicta cum perferendis neque accusantium numquam. Atque facere architecto corrupti voluptatibus omnis. Quia molestiae qui hic illum quia distinctio numquam. Vel aperiam in laborum eveniet. Cum aspernatur aut nobis perferendis voluptatem aspernatur necessitatibus. Delectus aut ad dolores et ea debitis. Et distinctio sit porro consequuntur voluptas ratione qui. Blanditiis qui doloremque reiciendis praesentium beatae hic labore. Natus perspiciatis quo quia pariatur placeat earum. Veritatis voluptatem quam quas atque. Voluptate quo omnis et. Voluptatibus sapiente eum nemo labore nisi. Aut id quia qui consectetur rerum quia adipisci.', '2021-04-30 00:29:03', '2021-04-30 00:29:03', '', '', '', ''),
	(88, 6, 'Expedita consequatur est amet placeat quo debitis.', 'qui-velit-repudiandae-ex-at-quia', 'https://via.placeholder.com/1280x720.png/0055dd?text=rerum', '89.465843', '119.225101', 0, 'Dignissimos eius optio rerum. Et qui totam quia accusamus necessitatibus. Deserunt dolore itaque placeat aspernatur deserunt sunt. Labore sint inventore corrupti ea excepturi hic quia sit. Soluta necessitatibus quibusdam et. Iste facilis nihil magni nobis dolor. Dolore ipsa eum totam minus temporibus temporibus natus. Quos repudiandae omnis et esse sed rerum commodi. Quam maxime eos omnis doloribus maiores dignissimos. Adipisci dolore quas velit enim qui dolore qui. Alias temporibus quis cum totam et odio. Deleniti adipisci recusandae minus. At aperiam illo et hic ea delectus soluta. Numquam eos sit officia ad totam. Saepe est quo sequi accusantium tenetur ducimus.', '2021-04-30 00:29:03', '2021-04-30 00:29:03', '', '', '', ''),
	(89, 6, 'Exercitationem sunt quisquam excepturi aliquam eos.', 'voluptatem-illum-sit-quo-occaecati', 'https://via.placeholder.com/1280x720.png/0000dd?text=quaerat', '-80.635597', '-113.534747', 0, 'Autem qui molestiae mollitia asperiores blanditiis quis accusamus. Labore reiciendis tempora alias explicabo voluptas animi. Quo nobis quia labore qui dolorum est alias eaque. Est et voluptatem sunt repellat debitis. Non libero dicta et. Rerum vitae dolore est corrupti a ullam fugit enim. Sunt qui nostrum ipsam non recusandae quam qui. Dolor sed aut commodi pariatur. Voluptas corporis voluptatem beatae in laboriosam. Tenetur et architecto non dicta unde consequatur repellat. Illo ducimus velit ratione maxime officia. Deleniti voluptas ex assumenda voluptatibus facere saepe dolorum. Numquam qui fugiat adipisci eos voluptas. Veritatis necessitatibus vel et dolores molestiae. Aliquam officia expedita laboriosam rem commodi qui.', '2021-04-30 00:29:03', '2021-04-30 00:29:03', '', '', '', ''),
	(90, 1, 'Ipsum quia et repellat cumque.', 'eum-possimus-odit-mollitia-voluptatibus-non-adipisci-temporibus', 'https://via.placeholder.com/1280x720.png/005555?text=occaecati', '8.014689', '72.297875', 1, 'Ad rerum culpa in quasi. Dolorem nisi et dolorem sint sequi magni. Qui vel et porro sint repellat nam corporis. In ex hic amet a vero. Voluptates commodi et ut cumque et laborum ex. Expedita sed quia consequatur sequi maxime odio beatae. Non eligendi vel iusto laborum harum eaque. Sed cumque iusto facilis. Porro cum quas ea id amet aut. Veritatis ipsam quis labore est id fugit repudiandae. Qui sunt et dolorum aut deserunt blanditiis omnis beatae. Ut esse et molestiae minima ut architecto. Laudantium ipsa quaerat at. Reprehenderit sunt cumque consequatur. Libero pariatur non rem dignissimos fuga. Nemo fugiat consequatur commodi porro est porro. Consequatur nisi molestiae natus ab ad hic cum.', '2021-04-30 00:29:03', '2021-04-30 00:29:03', '', '', '', '');
/*!40000 ALTER TABLE `commercials` ENABLE KEYS */;

-- Dumping structure for table bitmedia.failed_jobs
DROP TABLE IF EXISTS `failed_jobs`;
CREATE TABLE IF NOT EXISTS `failed_jobs` (
  `id` bigint(20) unsigned NOT NULL AUTO_INCREMENT,
  `uuid` varchar(255) COLLATE utf8mb4_unicode_ci NOT NULL,
  `connection` text COLLATE utf8mb4_unicode_ci NOT NULL,
  `queue` text COLLATE utf8mb4_unicode_ci NOT NULL,
  `payload` longtext COLLATE utf8mb4_unicode_ci NOT NULL,
  `exception` longtext COLLATE utf8mb4_unicode_ci NOT NULL,
  `failed_at` timestamp NOT NULL DEFAULT current_timestamp(),
  PRIMARY KEY (`id`),
  UNIQUE KEY `failed_jobs_uuid_unique` (`uuid`)
) ENGINE=InnoDB DEFAULT CHARSET=utf8mb4 COLLATE=utf8mb4_unicode_ci;

-- Dumping data for table bitmedia.failed_jobs: ~0 rows (approximately)
/*!40000 ALTER TABLE `failed_jobs` DISABLE KEYS */;
/*!40000 ALTER TABLE `failed_jobs` ENABLE KEYS */;

-- Dumping structure for table bitmedia.migrations
DROP TABLE IF EXISTS `migrations`;
CREATE TABLE IF NOT EXISTS `migrations` (
  `id` int(10) unsigned NOT NULL AUTO_INCREMENT,
  `migration` varchar(255) COLLATE utf8mb4_unicode_ci NOT NULL,
  `batch` int(11) NOT NULL,
  PRIMARY KEY (`id`)
) ENGINE=InnoDB AUTO_INCREMENT=10 DEFAULT CHARSET=utf8mb4 COLLATE=utf8mb4_unicode_ci;

-- Dumping data for table bitmedia.migrations: ~9 rows (approximately)
/*!40000 ALTER TABLE `migrations` DISABLE KEYS */;
INSERT INTO `migrations` (`id`, `migration`, `batch`) VALUES
	(1, '2014_10_12_000000_create_users_table', 1),
	(2, '2014_10_12_100000_create_password_resets_table', 1),
	(3, '2014_10_12_200000_add_two_factor_columns_to_users_table', 1),
	(4, '2019_08_19_000000_create_failed_jobs_table', 1),
	(5, '2019_12_14_000001_create_personal_access_tokens_table', 1),
	(6, '2021_04_20_030833_create_categories_table', 1),
	(7, '2021_04_20_031700_create_clients_table', 1),
	(8, '2021_04_20_031718_create_commercials_table', 1),
	(9, '2021_04_20_150902_create_sessions_table', 1);
/*!40000 ALTER TABLE `migrations` ENABLE KEYS */;

-- Dumping structure for table bitmedia.password_resets
DROP TABLE IF EXISTS `password_resets`;
CREATE TABLE IF NOT EXISTS `password_resets` (
  `email` varchar(255) COLLATE utf8mb4_unicode_ci NOT NULL,
  `token` varchar(255) COLLATE utf8mb4_unicode_ci NOT NULL,
  `created_at` timestamp NULL DEFAULT NULL,
  KEY `password_resets_email_index` (`email`)
) ENGINE=InnoDB DEFAULT CHARSET=utf8mb4 COLLATE=utf8mb4_unicode_ci;

-- Dumping data for table bitmedia.password_resets: ~0 rows (approximately)
/*!40000 ALTER TABLE `password_resets` DISABLE KEYS */;
/*!40000 ALTER TABLE `password_resets` ENABLE KEYS */;

-- Dumping structure for table bitmedia.personal_access_tokens
DROP TABLE IF EXISTS `personal_access_tokens`;
CREATE TABLE IF NOT EXISTS `personal_access_tokens` (
  `id` bigint(20) unsigned NOT NULL AUTO_INCREMENT,
  `tokenable_type` varchar(255) COLLATE utf8mb4_unicode_ci NOT NULL,
  `tokenable_id` bigint(20) unsigned NOT NULL,
  `name` varchar(255) COLLATE utf8mb4_unicode_ci NOT NULL,
  `token` varchar(64) COLLATE utf8mb4_unicode_ci NOT NULL,
  `abilities` text COLLATE utf8mb4_unicode_ci DEFAULT NULL,
  `last_used_at` timestamp NULL DEFAULT NULL,
  `created_at` timestamp NULL DEFAULT NULL,
  `updated_at` timestamp NULL DEFAULT NULL,
  PRIMARY KEY (`id`),
  UNIQUE KEY `personal_access_tokens_token_unique` (`token`),
  KEY `personal_access_tokens_tokenable_type_tokenable_id_index` (`tokenable_type`,`tokenable_id`)
) ENGINE=InnoDB DEFAULT CHARSET=utf8mb4 COLLATE=utf8mb4_unicode_ci;

-- Dumping data for table bitmedia.personal_access_tokens: ~0 rows (approximately)
/*!40000 ALTER TABLE `personal_access_tokens` DISABLE KEYS */;
/*!40000 ALTER TABLE `personal_access_tokens` ENABLE KEYS */;

-- Dumping structure for table bitmedia.sessions
DROP TABLE IF EXISTS `sessions`;
CREATE TABLE IF NOT EXISTS `sessions` (
  `id` varchar(255) COLLATE utf8mb4_unicode_ci NOT NULL,
  `user_id` bigint(20) unsigned DEFAULT NULL,
  `ip_address` varchar(45) COLLATE utf8mb4_unicode_ci DEFAULT NULL,
  `user_agent` text COLLATE utf8mb4_unicode_ci DEFAULT NULL,
  `payload` text COLLATE utf8mb4_unicode_ci NOT NULL,
  `last_activity` int(11) NOT NULL,
  PRIMARY KEY (`id`),
  KEY `sessions_user_id_index` (`user_id`),
  KEY `sessions_last_activity_index` (`last_activity`)
) ENGINE=InnoDB DEFAULT CHARSET=utf8mb4 COLLATE=utf8mb4_unicode_ci;

-- Dumping data for table bitmedia.sessions: ~1 rows (approximately)
/*!40000 ALTER TABLE `sessions` DISABLE KEYS */;
INSERT INTO `sessions` (`id`, `user_id`, `ip_address`, `user_agent`, `payload`, `last_activity`) VALUES
	('Ur4j0PghpzOlPjrDusrGnJ0Beo7mh4jS2OyaryGr', 3, '127.0.0.1', 'Mozilla/5.0 (Windows NT 10.0; Win64; x64; rv:91.0) Gecko/20100101 Firefox/91.0', 'YTo2OntzOjY6Il90b2tlbiI7czo0MDoiWW5hVjg3WFZBZTJaMWVUelA2VkJ3TDJrN291a3pxTG0ybUhLcE9keiI7czo5OiJfcHJldmlvdXMiO2E6MTp7czozOiJ1cmwiO3M6Mzk6Imh0dHBzOi8vbG9jYWxob3N0L2JpdG1lZGlhL3B1YmxpYy9pbmRleCI7fXM6NjoiX2ZsYXNoIjthOjI6e3M6Mzoib2xkIjthOjA6e31zOjM6Im5ldyI7YTowOnt9fXM6NTA6ImxvZ2luX3dlYl81OWJhMzZhZGRjMmIyZjk0MDE1ODBmMDE0YzdmNThlYTRlMzA5ODlkIjtpOjM7czoxNzoicGFzc3dvcmRfaGFzaF93ZWIiO3M6NjA6IiQyeSQxMCRnNDF1NkpQWTRVYjNiR1had3lPL1F1VzdLM3pkay5FRElubjQucWppMmJTSWRwZmE2RDlHbSI7czoyMToicGFzc3dvcmRfaGFzaF9zYW5jdHVtIjtzOjYwOiIkMnkkMTAkZzQxdTZKUFk0VWIzYkdYWnd5Ty9RdVc3SzN6ZGsuRURJbm40LnFqaTJiU0lkcGZhNkQ5R20iO30=', 1627053064);
/*!40000 ALTER TABLE `sessions` ENABLE KEYS */;

-- Dumping structure for table bitmedia.users
DROP TABLE IF EXISTS `users`;
CREATE TABLE IF NOT EXISTS `users` (
  `id` bigint(20) unsigned NOT NULL AUTO_INCREMENT,
  `name` varchar(255) COLLATE utf8mb4_unicode_ci NOT NULL,
  `email` varchar(255) COLLATE utf8mb4_unicode_ci NOT NULL,
  `email_verified_at` timestamp NULL DEFAULT NULL,
  `password` varchar(255) COLLATE utf8mb4_unicode_ci NOT NULL,
  `two_factor_secret` text COLLATE utf8mb4_unicode_ci DEFAULT NULL,
  `two_factor_recovery_codes` text COLLATE utf8mb4_unicode_ci DEFAULT NULL,
  `remember_token` varchar(100) COLLATE utf8mb4_unicode_ci DEFAULT NULL,
  `current_team_id` bigint(20) unsigned DEFAULT NULL,
  `profile_photo_path` text COLLATE utf8mb4_unicode_ci DEFAULT NULL,
  `created_at` timestamp NULL DEFAULT NULL,
  `updated_at` timestamp NULL DEFAULT NULL,
  PRIMARY KEY (`id`),
  UNIQUE KEY `users_email_unique` (`email`)
) ENGINE=InnoDB AUTO_INCREMENT=5 DEFAULT CHARSET=utf8mb4 COLLATE=utf8mb4_unicode_ci;

-- Dumping data for table bitmedia.users: ~2 rows (approximately)
/*!40000 ALTER TABLE `users` DISABLE KEYS */;
INSERT INTO `users` (`id`, `name`, `email`, `email_verified_at`, `password`, `two_factor_secret`, `two_factor_recovery_codes`, `remember_token`, `current_team_id`, `profile_photo_path`, `created_at`, `updated_at`) VALUES
	(1, 'Prof. Olen Towne', 'cgutmann@example.net', '2021-04-30 00:29:03', '$2y$10$92IXUNpkjO0rOQ5byMi.Ye4oKoEa3Ro9llC/.og/at2.uheWG/igi', NULL, NULL, 'D36caI4bI1', NULL, NULL, '2021-04-30 00:29:03', '2021-04-30 00:29:03'),
	(2, 'Clovis Conroy', 'richie.rau@example.org', '2021-04-30 00:29:03', '$2y$10$92IXUNpkjO0rOQ5byMi.Ye4oKoEa3Ro9llC/.og/at2.uheWG/igi', NULL, NULL, 'OQM4mqutWU', NULL, NULL, '2021-04-30 00:29:03', '2021-04-30 00:29:03'),
	(3, 'ruben', 'ru@info.com', NULL, '$2y$10$g41u6JPY4Ub3bGXZwyO/QuW7K3zdk.EDInn4.qji2bSIdpfa6D9Gm', NULL, NULL, NULL, NULL, NULL, '2021-05-01 00:25:32', '2021-05-01 00:25:32'),
	(4, 'felix', 'felpa@gmail.com', NULL, '$2y$10$AS81HccTpu0EHO24HKvZ.eBJYqZ9XTDcoBUi89MQ3sFBSHZGaYb8K', NULL, NULL, NULL, NULL, NULL, '2021-05-12 18:09:11', '2021-05-12 18:09:11');
/*!40000 ALTER TABLE `users` ENABLE KEYS */;

/*!40101 SET SQL_MODE=IFNULL(@OLD_SQL_MODE, '') */;
/*!40014 SET FOREIGN_KEY_CHECKS=IFNULL(@OLD_FOREIGN_KEY_CHECKS, 1) */;
/*!40101 SET CHARACTER_SET_CLIENT=@OLD_CHARACTER_SET_CLIENT */;
/*!40111 SET SQL_NOTES=IFNULL(@OLD_SQL_NOTES, 1) */;
